Objeto do Contrato;Tipo de Procedimento;Tipo(s) de Contrato;CPV;CPV Tipo ;CPV Designação;CPV Valor;Entidade(s) Adjudicante(s);Entidade(s) Adjudicatária(s);Preço Contratual;Data de Publicação;Data de Celebração do Contrato;Prazo de Execução;Local de Execução;Fundamentação;Causa de Extinção do Contrato;Data de Fecho do Contrato;Preço Total Efetivo;Causas das Alterações ao Prazo;Causas das Alterações ao Preço;Estado;N.º registo do Acordo Quadro;Descrição do Acordo Quadro;Procedimento Centralizado;Ligação para Peças do Procedimento;Lista de Fornecedores (cocontratantes);Aquisição ao Abrigo de Acordo Quadro de outro Estado-membro da UE;Medidas especiais;Regime;Critérios Materiais;CCP;groupMembers
Aquisição e Instalação Mobiliário de Escritório para a NMS|FCM;Ajuste Direto Regime Geral;Aquisição de bens móveis;39100000-3;Principal;Mobiliário;19974.42 € ;Universidade Nova de Lisboa (501559094);Seda II Design lUnipessoal Lda (516148796);"19.974,42 €";22-11-2023;22-11-2023;20 dias;"Portugal, Lisboa, Lisboa";"Artigo 20.º, n.º 1, alínea d) do Código dos Contratos Públicos";;;;;;;Não aplicável.;Não aplicável.;false;https://www.acingov.pt/acingovprod/2/zonaPublica/zona_publica_c/donwloadProcedurePiece/Njk2MDcy;false;;;"Código dos Contratos Públicos (DL111-B/2017) e Lei n.º 30/2021, de 21.05";false;false;
Aquisição de serviços de produção de conteúdos de multimédia para difusão de conhecimento em políticas públicas e projetos do PlanAPP ;Consulta Prévia;Aquisição de serviços;79822500-7;Principal;Serviços de concepção gráfica;60000.0 € ;"Centro de Competências de Planeamento, de Políticas e de Prospetiva da Administração Pública (600087557)";Ursa Maior Comunicação Lda (510681999);"60.000,00 €";22-11-2023;22-11-2023;547 dias;"Portugal, Lisboa, Lisboa";"Artigo 20.º, n.º 1, alínea c) do Código dos Contratos Públicos";;;;;;;Não aplicável.;Não aplicável.;false;https://www.anogov.com/op-ccpppap/faces/app/acessoDocs.jsp?codigoAcesso=8x6hzjE4LyPMQSSq8icuAMZFyH6z39x09UdFSiNWtasrAh9nt8;false;;;"Código dos Contratos Públicos (DL111-B/2017) e Lei n.º 30/2021, de 21.05";false;false;
Aquisição de Sistema de Videovigilância para a Portaria da Citânia de Sanfins;Ajuste Direto Regime Geral;Aquisição de bens móveis;31625000-3;Principal;Alarmes contra roubo e incêndios;7716.7 € ;Município de Paços de Ferreira (502173297);"GoSegur-Segurança Eletrónica,Lda (513848002)";"7.716,70 €";22-11-2023;22-11-2023;30 dias;"Portugal, Porto, Paços de Ferreira";"Artigo 20.º, n.º 1, alínea d) do Código dos Contratos Públicos";;;;;;;Não aplicável.;Não aplicável.;false;;false;;;"Código dos Contratos Públicos (DL111-B/2017) e Lei n.º 30/2021, de 21.05";false;false;
Aquisição de Armários Frigorífico de Conservação para Diversas Escolas do Concelho;Ajuste Direto Regime Geral;Aquisição de bens móveis;42513200-7;Principal;Equipamento de refrigeração;8120.0 € ;Município de Paços de Ferreira (502173297);"Maquin-Cozinhas e Lavandarias, Lda (516416561)";"8.120,00 €";22-11-2023;22-11-2023;5 dias;"Portugal, Porto, Paços de Ferreira";"Artigo 20.º, n.º 1, alínea d) do Código dos Contratos Públicos";;;;;;;Não aplicável.;Não aplicável.;false;;false;;;"Código dos Contratos Públicos (DL111-B/2017) e Lei n.º 30/2021, de 21.05";false;false;
"Aquisição de Serviços de Reparação e Manutenção de Equipamentos existentes nas Cantinas das diversas Escolas do Concelho, pelo período de 36 meses";Ajuste Direto Regime Geral;Aquisição de serviços;50880000-7;Principal;Serviços de reparação e manutenção de equipamento para hotelaria e restauração;10967.66 € ;Município de Paços de Ferreira (502173297);"Maquin-Cozinhas e Lavandarias, Lda (516416561)";"10.967,66 €";22-11-2023;22-11-2023;1096 dias;"Portugal, Porto, Paços de Ferreira";"Artigo 20.º, n.º 1, alínea d) do Código dos Contratos Públicos";;;;;;;Não aplicável.;Não aplicável.;false;;false;;;"Código dos Contratos Públicos (DL111-B/2017) e Lei n.º 30/2021, de 21.05";false;false;
"Elaboração de projeto para execução de novo QGBT, quadros e rede elétrica dos edifícios da Assembleia da República localizados na Avenida Dom Carlos I, em Lisboa.";Consulta Prévia;Aquisição de serviços;71000000-8;Principal;"Serviços de arquitectura, construção, engenharia e inspecção";23025.0 € ;Assembleia da República (600054128);"Acet - Antero Cardoso, Engenharia Termodinâmica, Lda (503157694)";"23.025,00 €";22-11-2023;22-11-2023;105 dias;"Portugal, Lisboa, Lisboa";"Artigo 20.º, n.º 1, alínea c) do Código dos Contratos Públicos";;;;;;;Não aplicável.;Não aplicável.;false;https://www.acingov.pt/acingovprod/2/zonaPublica/zona_publica_c/donwloadProcedurePiece/NjgzNzQ2;false;;;"Código dos Contratos Públicos (DL111-B/2017) e Lei n.º 30/2021, de 21.05";false;false;
Aquisição de bicicletas elétricas;Ajuste Direto Regime Geral;Aquisição de bens móveis;34430000-0;Principal;Bicicletas;5849.04 € ;Município de Oliveira de Frades (501306234);Paulo Torres Lourenço;"5.849,04 €";22-11-2023;22-11-2023;15 dias;"Portugal<BR/>Portugal, Viseu, Oliveira de Frades";"Artigo 20.º, n.º 1, alínea d) do Código dos Contratos Públicos";;;;;;;Não aplicável.;Não aplicável.;false;https://www.acingov.pt/acingovprod/2/zonaPublica/zona_publica_c/donwloadProcedurePiece/NjkwNjIx;false;;;"Código dos Contratos Públicos (DL111-B/2017) e Lei n.º 30/2021, de 21.05";false;false;
"Serviço integrado de telecomunicações, necessários ao funcionamento da EPA - Escola Profissional de Alte, CIPRL.";Consulta Prévia;Aquisição de serviços;64000000-6;Principal;Serviços postais e de telecomunicações - Normal;3822.48 € ;"EPA - Escola Profissional de Alte, C. I. P. R. L. (504612328)";"MEO - SERVIÇOS DE COMUNICAÇÕES E MULTIMÉDIA, S.A. (504615947)";"3.822,48 €";22-11-2023;22-11-2023;1096 dias;"Portugal, Faro, Loulé";"Artigo 20.º, n.º 1, alínea c) do Código dos Contratos Públicos";;;;;;;Não aplicável.;Não aplicável.;false;;false;;;Código dos Contratos Públicos ( DL 111-B/2017 );false;false;
Aquisição de prateleiras e bacias de retenção para a ARM - 2023 - 2.º procedimento;Concurso público;Aquisição de bens móveis;39173000-5 | 35121000-8;Suplementar | Principal;Unidades de armazenagem | Equipamento de segurança e protecção;3520.0 €  | 18923.0 € ;"A. R. M. - Águas e Resíduos da Madeira, S. A. (509574513)";DENIOS.S.L (ES B64076813);"22.443,00 €";22-11-2023;22-11-2023;21 dias;"Portugal, Região Autónoma da Madeira, Santa Cruz";"Artigo 20.º, n.º 1, alínea b) do Código dos Contratos Públicos";;;;;;;Não aplicável.;Não aplicável.;false;https://www.acingov.pt/acingovprod/2/zonaPublica/zona_publica_c/donwloadProcedurePiece/NjkwODgz;false;;;"Código dos Contratos Públicos (DL 111-B/2017) e Lei n.º 30/2021, de 21.05 e DLR nº 34/2008/M, de 14.08 (DLR n.º 6/2018/M)";false;false;
"Aquisição de serviços para o reconhecimento geológico e geotécnico da parcela de terreno da antiga fábrica da ""Alvorada"", caracterização estrutural e definição geométrica do seu conjunto edificado, e elaboração do ""Programa Base"", nos moldes definidos pelo artigo 4.º da Portaria n.º 255/2023 de 7 de agosto.";Consulta Prévia;Aquisição de serviços;71351000-3;Principal;Serviços de prospecção geológica e geofísica e outros serviços de prospecção científica;62000.0 € ;Munícipio de Fafe (506841561);"PAULO PEREIRA, SERVIÇOS DE ENGENHARIA CIVIL, LDA (502422351)";"62.000,00 €";22-11-2023;22-11-2023;45 dias;"Portugal, Braga, Fafe";"Artigo 20.º, n.º 1, alínea c) do Código dos Contratos Públicos";;;;;;;Não aplicável.;Não aplicável.;false;https://www.acingov.pt/acingovprod/2/zonaPublica/zona_publica_c/donwloadProcedurePiece/NjkyMDUx;false;;;"Código dos Contratos Públicos (DL111-B/2017) e Lei n.º 30/2021, de 21.05";false;false;
"Empreitada de ""Demolição de edificações construídas sem licenciamento, sitas no Lugar da Sardoeira - Freguesia de Parada de Cunhos""";Consulta Prévia;Empreitadas de obras públicas;45110000-1;Principal;Demolição e destruição de edifícios e movimento de terras;132000.0 € ;Município de Vila Real (506359670);Obras Campos Rocha Lda (508830583);"132.000,00 €";22-11-2023;22-11-2023;60 dias;"Portugal, Vila Real, Vila Real";"Artigo 19.º, alínea c) do Código dos Contratos Públicos";;;;;;;Não aplicável.;Não aplicável.;false;https://community.vortal.biz/PRODPublic/Tendering/OpportunityDetail/Index?noticeUID=PT1.NTC.2302750;false;;;"Código dos Contratos Públicos (DL111-B/2017) e Lei n.º 30/2021, de 21.05";false;false;
PRESTAÇÃO DE SERVIÇOS PARA CONSTRUÇÃO DA CENOGRAFIA DO ESPETÁCULO “UM SONHO”;Consulta Prévia;Aquisição de serviços;98390000-3;Principal;Outros serviços;16815.0 € ;"Teatro Nacional de São João, E. P. E. (503966908)";"Móveis Modernos Maia e Rocha, Lda (501762370)";"16.815,00 €";22-11-2023;22-11-2023;7 dias;"Portugal, Porto, Porto";"Artigo 20.º, n.º 1, alínea c) do Código dos Contratos Públicos";;;;;;;Não aplicável.;Não aplicável.;false;;false;;;"Código dos Contratos Públicos (DL111-B/2017) e Lei n.º 30/2021, de 21.05";false;false;
 “Aquisição de serviços para produção e apresentação de espetáculo de teatro”;Ajuste Direto Regime Geral;Aquisição de serviços;92312240-5;Principal;Serviços prestados por artistas;10000.0 € ;Município de Olhão (506321894);Ar de Filmes Lda (503506168);"10.000,00 €";22-11-2023;22-11-2023;400 dias;"Portugal, Faro, Olhão";"Artigo 24.º, n.º 1, alínea e), subalínea iii) do Código dos Contratos Públicos";;;;;;;Não aplicável.;Não aplicável.;false;https://www.acingov.pt/acingovprod/2/zonaPublica/zona_publica_c/donwloadProcedurePiece/NjkzODg0;false;;;"Código dos Contratos Públicos (DL111-B/2017) e Lei n.º 30/2021, de 21.05";false;false;
Fornecimento contínuo de material elétrico;Consulta Prévia;Aquisição de bens móveis;31682000-0;Principal;Material para electricidade;14685.1 € ;Município de Tondela (506822680);"PAVILECTRICA, Lda (502081619)";"14.685,10 €";22-11-2023;22-11-2023;366 dias;"Portugal<BR/>Portugal, Viseu, Tondela";"Artigo 20.º, n.º 1, alínea c) do Código dos Contratos Públicos";;;;;;;Não aplicável.;Não aplicável.;false;https://www.acingov.pt/acingovprod/2/zonaPublica/zona_publica_c/donwloadProcedurePiece/NjY3Nzcx;false;;;"Código dos Contratos Públicos (DL111-B/2017) e Lei n.º 30/2021, de 21.05";false;false;
Aquisição de Novas Funcionalidades para o Catálogo Agregador das Bibliotecas Municipais da RIBBA;Ajuste Direto Regime Geral;Aquisição de serviços;72000000-5;Principal;"Serviços de TI: consultoria, desenvolvimento de software, Internet e apoio";10000.0 € ;CIMBAL - Comunidade Intermunicipal do Baixo Alentejo (509761534);"WECUL SISTEMAS DE INFORMAÇÃO, LDA (513735917)";"10.000,00 €";22-11-2023;22-11-2023;45 dias;"Portugal, Beja, Beja";"Artigo 24.º, n.º 1, alínea e), subalínea ii) do Código dos Contratos Públicos";;;;;;;Não aplicável.;Não aplicável.;false;;false;;;Código dos Contratos Públicos ( DL 111-B/2017 );true;false;
Fornecimento e instalação de seis unidades de ar condicionado;Ajuste Direto Regime Geral;Aquisição de bens móveis;39717200-3;Principal;Aparelhos de ar condicionado;5798.0 € ;Procuradoria-Geral da República (600020339);"Arleve, Lda - (502765372)";"5.798,00 €";22-11-2023;22-11-2023;20 dias;"Portugal, Lisboa, Lisboa";"Artigo 20.º, n.º 1, alínea d) do Código dos Contratos Públicos";;;;;;;Não aplicável.;Não aplicável.;false;https://community.vortal.biz/PRODPublic/Tendering/OpportunityDetail/Index?noticeUID=PT1.NTC.2614167;false;;;"Código dos Contratos Públicos (DL111-B/2017) e Lei n.º 30/2021, de 21.05";false;false;
Aquisição de Serviços para a Elaboração do Plano Municipal de Emergência de Proteção Civil ;Ajuste Direto Regime Geral;Aquisição de serviços;73220000-0;Principal;Serviços de consultoria em matéria de desenvolvimento;9754.56 € ;Município de Serpa (501112049);"Memória Temática, Lda. (515339644)";"9.754,56 €";22-11-2023;22-11-2023;180 dias;"Portugal, Beja, Serpa";"Artigo 20.º, n.º 1, alínea d) do Código dos Contratos Públicos";;;;;;;Não aplicável.;Não aplicável.;false;https://community.vortal.biz/PRODPublic/Tendering/OpportunityDetail/Index?noticeUID=PT1.NTC.2602651;false;;;"Código dos Contratos Públicos (DL111-B/2017) e Lei n.º 30/2021, de 21.05";false;false;
PRC_0278/2023_GAE-EB1009 - Acordo Quadro Singular Para a Execução de Empreitadas de Ligações de Redes de Abastecimento de Água e Drenagem de Águas Residuais - Lote B - Municípios de Celorico de Basto e Fafe;Concurso público;Empreitadas de obras públicas;45231300-8;Principal;Construção de condutas para água e águas residuais;Inexistente;"Águas do Norte, S. A. (513606084)";"Construções Rochafiel, Lda (505661349)";"0,00 €";22-11-2023;22-11-2023;1095 dias;"Portugal, Braga, Fafe<BR/>Portugal, Braga, Celorico de Basto";"Artigo 19.º, alínea b) do Código dos Contratos Públicos";;;;;;;6671564;PRC_0278/2023_GAE - EB1009 - Acordo Quadro Singular Para a Execução de Empreitadas de Ligações de Redes de Abastecimento de Água e Drenagem de Águas Residuais;false;https://www.acingov.pt/acingovprod/2/zonaPublica/zona_publica_c/donwloadProcedurePiece/NjY2NTky;true;;;"Código dos Contratos Públicos (DL111-B/2017) e Lei n.º 30/2021, de 21.05";false;false;
AQUISIÇÃO DE EQUIPAMENTO DE SOM (3 LOTES);Consulta Prévia;Aquisição de bens móveis;32344200-8;Principal;Receptores de rádio;15150.0 € ;"Teatro Nacional de São João, E. P. E. (503966908)";"CLS Audiovisuais, Lda. (506950050)";"15.150,00 €";22-11-2023;22-11-2023;30 dias;"Portugal, Porto, Porto";"Artigo 20.º, n.º 1, alínea c) do Código dos Contratos Públicos";;;;;;;Não aplicável.;Não aplicável.;false;;false;;;"Código dos Contratos Públicos (DL111-B/2017) e Lei n.º 30/2021, de 21.05";false;false;
ELABORAÇÃO DOS PROJETOS DE EXECUÇÃO DE - REQUALIFICAÇÃO DA RUA DA BASE AÉREA - E DE RECONVERSÃO DO LARGO PADRE MARGALHAU - FREGUESIA DE AMOR;Consulta Prévia;Aquisição de serviços;71250000-5;Principal;"Serviços de arquitectura, engenharia e levantamento topográfico";65800.0 € ;Município de Leiria (505181266);"I2DP - Ideias, Inovação e Desenvolvimento de Projetos de Engenharia, Lda. (506705307)";"65.800,00 €";22-11-2023;22-11-2023;120 dias;"Portugal, Leiria, Leiria";"Artigo 20.º, n.º 1, alínea c) do Código dos Contratos Públicos";;;;;;;Não aplicável.;Não aplicável.;false;;false;;;"Código dos Contratos Públicos (DL111-B/2017) e Lei n.º 30/2021, de 21.05";false;false;
3023011453-AMN-Fornecimento de computadores portáteis UCIC;Consulta Prévia;Aquisição de bens móveis;30213100-6;Principal;Computadores portáteis;4940.0 € ;Ministério da Defesa Nacional - Marinha (600012662);Mexaflur Electronica Unipessoal lda (513950494);"4.940,00 €";22-11-2023;22-11-2023;5 dias;"Portugal, Lisboa, Lisboa";"Artigo 20.º, n.º 1, alínea c) do Código dos Contratos Públicos";;;;;;;Não aplicável.;Não aplicável.;false;https://www.acingov.pt/acingovprod/2/zonaPublica/zona_publica_c/donwloadProcedurePiece/NjkzMzgz;false;;;"Código dos Contratos Públicos (DL111-B/2017) e Lei n.º 30/2021, de 21.05";false;false;
PRC_0278/2023_GAE-EB1009 - Acordo Quadro Singular Para a Execução de Empreitadas de Ligações de Redes de Abastecimento de Água e Drenagem de Águas Residuais -  Lote A - Municípios de Amarante e Baião;Concurso público;Empreitadas de obras públicas;45231300-8;Principal;Construção de condutas para água e águas residuais;Inexistente;"Águas do Norte, S. A. (513606084)";"Construções Rochafiel, Lda (505661349)";"0,00 €";22-11-2023;22-11-2023;1095 dias;"Portugal, Porto, Amarante<BR/>Portugal, Porto, Baião";"Artigo 19.º, alínea b) do Código dos Contratos Públicos";;;;;;;6671564;PRC_0278/2023_GAE - EB1009 - Acordo Quadro Singular Para a Execução de Empreitadas de Ligações de Redes de Abastecimento de Água e Drenagem de Águas Residuais;false;https://www.acingov.pt/acingovprod/2/zonaPublica/zona_publica_c/donwloadProcedurePiece/NjY2NTky;true;;;"Código dos Contratos Públicos (DL111-B/2017) e Lei n.º 30/2021, de 21.05";false;false;
"AQS 193/GEBALIS/2023 - PATRIMONIO DISPERSO - R CRUZ VERMELHA, N. 12 - Serviço de Manutenção Preventiva das Instalações de AQS";Ajuste Direto Regime Geral;Aquisição de serviços;50000000-5;Principal;Serviços de reparação e manutenção;8560.0 € ;"Gebalis - Gestão do Arrendamento da Habitação Municipal de Lisboa, E. M., S. A. (503541567)";"RACE - REFRIGERATION & AIR CONDITIONING ENGINEERING, S.A (502808004)";"8.560,00 €";22-11-2023;22-11-2023;365 dias;"Portugal, Lisboa, Lisboa";"Artigo 20.º, n.º 1, alínea d) do Código dos Contratos Públicos";;;;;;;Não aplicável.;Não aplicável.;false;;false;;;Código dos Contratos Públicos ( DL 111-B/2017 );false;false;
AQUISIÇÃO DE SERVIÇOS NO ÂMBITO DA PASSAGEM DE ANO 2023|2024 – FESTA M80;Ajuste Direto Regime Geral;Aquisição de serviços;92340000-6;Principal;Serviços de espectáculos recreativos e de dança;28000.0 € ;Município de Beja (504884620);"G WORLD, UNIPESSOAL LDA. (516105183)";"28.000,00 €";22-11-2023;22-11-2023;1 dias;"Portugal, Beja, Beja";"Artigo 24.º, n.º 1, alínea e), subalínea ii) do Código dos Contratos Públicos";;;;;;;Não aplicável.;Não aplicável.;false;;false;;;Código dos Contratos Públicos ( DL 111-B/2017 );true;false;
1BAD20230100 - PROTESE PARA CRANIOPLASTIA;Ajuste Direto Regime Geral;Aquisição de bens móveis;33190000-8;Principal;Dispositivos e produtos médicos variados;10400.0 € ;"Serviço de Saúde da Região Autónoma da Madeira, EPE-RAM (511228848)";"NEUROWAVE, LDA. (508537150)";"10.400,00 €";22-11-2023;22-11-2023;39 dias;"Portugal, Região Autónoma da Madeira, Funchal";"Artigo 20.º, n.º 1, alínea d) do Código dos Contratos Públicos e artigo 4.º, nº 1 do DLR nº 34/2008/M, de 14.08";;;;;;;Não aplicável.;Não aplicável.;false;https://www.acingov.pt/acingovprod/2/zonaPublica/zona_publica_c/donwloadProcedurePiece/NjkzMjU2;false;;;"Código dos Contratos Públicos (DL 111-B/2017) e Lei n.º 30/2021, de 21.05 e DLR nº 34/2008/M, de 14.08 (DLR n.º 6/2018/M)";false;false;
Aquisição de mobiliário de escritório para diversos gabinetes da Autarquia;Consulta Prévia;Aquisição de bens móveis;39130000-2;Principal;Mobiliário de escritório;7660.26 € ;Município de Ovar (501306269);Haworth Portugal - Mobiliário de Escritório S.A  (500077622);"7.660,26 €";22-11-2023;22-11-2023;24 dias;"Portugal, Aveiro, Ovar";"Artigo 20.º, n.º 1, alínea c) do Código dos Contratos Públicos";;;;;;;Não aplicável.;Não aplicável.;false;;false;;;"Código dos Contratos Públicos (DL111-B/2017) e Lei n.º 30/2021, de 21.05";false;false;
3023007784-AMN - Empreitada de Subst Cobertura da ESV Vila Real Sto. António;Concurso público;Empreitadas de obras públicas;45261900-3;Principal;Obras de reparação e manutenção de coberturas;44650.0 € ;Ministério da Defesa Nacional - Marinha (600012662);"LOVIMEC – Renovação Urbana e Construções, Unipessoal, Lda (504215680)";"44.650,00 €";22-11-2023;22-11-2023;30 dias;"Portugal, Faro, Vila Real Sto Antonio";"Artigo 19.º, alínea b) do Código dos Contratos Públicos";;;;;;;Não aplicável.;Não aplicável.;false;https://www.acingov.pt/acingovprod/2/zonaPublica/zona_publica_c/donwloadProcedurePiece/NjQ0NDg0;false;;;"Código dos Contratos Públicos (DL111-B/2017) e Lei n.º 30/2021, de 21.05";false;false;
Aquisição de Carnes Frescas para os Refeitórios Escolares do Agrupamento de Escolas Rio Arade;Concurso público;Aquisição de bens móveis;15100000-9;Principal;"Produtos de origem animal, carne e produtos à base de carne";25339.5 € ;Município de Lagoa (506804240);Andifer (502928786);"25.339,50 €";22-11-2023;22-11-2023;366 dias;"Portugal, Faro, Lagoa";"Artigo 20.º, n.º 1, alínea b) do Código dos Contratos Públicos";;;;;;;Não aplicável.;Não aplicável.;false;https://community.vortal.biz/PRODPublic/Tendering/OpportunityDetail/Index?noticeUID=PT1.NTC.2530550;false;;;"Código dos Contratos Públicos (DL111-B/2017) e Lei n.º 30/2021, de 21.05";false;false;
1BCP20230192 - MATERIAL TERAPEUTICA DA DOR;Consulta Prévia;Aquisição de bens móveis;33190000-8;Principal;Dispositivos e produtos médicos variados;675.6 € ;"Serviço de Saúde da Região Autónoma da Madeira, EPE-RAM (511228848)";"LINEAMEDICA-DISPOSITIVOS MEDICOS-CIRUGICOS, SA (505148676)";"675,60 €";22-11-2023;22-11-2023;39 dias;"Portugal, Região Autónoma da Madeira, Funchal";"Artigo 20.º, n.º 1, alínea c) do Código dos Contratos Públicos e artigo 4.º, nº 1 do DLR nº 34/2008/M, de 14.08 (DLR n.º 6/2018/M)";;;;;;;Não aplicável.;Não aplicável.;false;https://www.acingov.pt/acingovprod/2/zonaPublica/zona_publica_c/donwloadProcedurePiece/NjI0MDkx;false;;;"Código dos Contratos Públicos (DL 111-B/2017) e Lei n.º 30/2021, de 21.05 e DLR nº 34/2008/M, de 14.08 (DLR n.º 6/2018/M)";false;false;
AQUISIÇÃO DE SERVIÇOS PARA REPARAÇÃO DE VEÍCULOS MUNICIPAIS;Ajuste Direto Regime Geral;Aquisição de serviços;50000000-5;Principal;Serviços de reparação e manutenção;3979.3 € ;Município de Nelas (506834166);HUGO FILIPE CORREIA BAPTISTA UNIP. LDA (516591649);"3.979,30 €";22-11-2023;22-11-2023;15 dias;"Portugal, Viseu, Nelas";"Artigo 20.º, n.º 1, alínea d) do Código dos Contratos Públicos";;;;;;;Não aplicável.;Não aplicável.;false;https://www.acingov.pt/acingovprod/2/zonaPublica/zona_publica_c/donwloadProcedurePiece/Njk1OTQ3;false;;;"Código dos Contratos Públicos (DL111-B/2017) e Lei n.º 30/2021, de 21.05";false;false;
Empreitada de Obras de Fornecimento e Instalação de Sistema de Climatização do Posto de Turismo da Covilhã;Consulta Prévia;Empreitadas de obras públicas;45331220-4;Principal;Instalação de ar condicionado;13105.0 € ;Município da Covilhã (505330768);Electroalbi (501702709);"13.105,00 €";22-11-2023;22-11-2023;10 dias;"Portugal, Castelo Branco, Covilhã";"Artigo 19.º, alínea c) do Código dos Contratos Públicos";;;;;;;Não aplicável.;Não aplicável.;false;;false;;;"Código dos Contratos Públicos (DL111-B/2017) e Lei n.º 30/2021, de 21.05";false;false;
"Fornecimento de serviços de limpeza para as instalações do Instituto Hidrográfico, Trinas e BHA, de 1 a 30 de novembro de 2023";Ajuste Direto Regime Geral;Aquisição de serviços;90910000-9;Principal;Serviços de limpeza;15663.92 € ;Instituto Hidrográfico (501494170);"ILUSOTOUCH - LIMPEZAS TÉCNICAS, LDA (514914050)";"15.663,92 €";22-11-2023;22-11-2023;30 dias;"Portugal, Lisboa, Lisboa";"Artigo 20.º, n.º 1, alínea d) do Código dos Contratos Públicos";;;;;;;Não aplicável.;Não aplicável.;false;https://www.acingov.pt/acingovprod/2/zonaPublica/zona_publica_c/donwloadProcedurePiece/NjkyNDk5;false;;;"Código dos Contratos Públicos (DL111-B/2017) e Lei n.º 30/2021, de 21.05";false;false;
SUBSTITUIÇÃO DE ALMOFADA DE APOIO E DE VELCROS DA PEDALEIRA ;Ajuste Direto Regime Geral;Aquisição de serviços;50000000-5;Principal;Serviços de reparação e manutenção;262.16 € ;"Centro Hospitalar Vila Nova de Gaia - Espinho, E. P. E. (508142156)";Teprel (502262184);"262,16 €";22-11-2023;22-11-2023;5 dias;"Portugal, Porto, Vila Nova de Gaia";"Artigo 24.º, n.º 1, alínea c) do Código dos Contratos Públicos";;;;;;;Não aplicável.;Não aplicável.;false;;false;;;Código dos Contratos Públicos ( DL 111-B/2017 );true;false;
"Aquisição, fornecimento e montagem de equipamento especializado para o Lote 32 da NONAGON";Ajuste Direto Regime Geral;Aquisição de bens móveis;39300000-5;Principal;Equipamento diverso;68130.0 € ;Direção Regional das Obras Públicas e Transportes Terrestres (600087077);"AMBERJACK SOLUTIONS, UNIPESSOAL, LDA. (517126150)";"68.130,00 €";22-11-2023;22-11-2023;60 dias;"Portugal, Região Autónoma dos Açores, Lagoa";"Artigo 20.º, alínea a) do Decreto Legislativo Regional n.º 27/2015/A, de 29.12";;;;;;;Não aplicável.;Não aplicável.;false;;false;;;"DLR n.º 27/2015/A, de 29.12";false;false;
AQUISIÇÃO DE REAGENTES DIVERSOS;Ajuste Direto Regime Geral;Aquisição de bens móveis;33690000-3;Principal;Medicamentos vários;4100.0 € ;"Centro Hospitalar Universitário de Lisboa Norte, E. P. E. (508481287)";"DIASORIN IBERIA, S.A (980379563)";"4.100,00 €";22-11-2023;22-11-2023;39 dias;"Portugal, Lisboa, Lisboa";"Artigo 24.º, n.º 1, alínea e), subalínea iii) do Código dos Contratos Públicos";;;;;;;Não aplicável.;Não aplicável.;false;;false;;;Código dos Contratos Públicos ( DL 111-B/2017 );true;false;
"Aquisição de serviços de apoio à investigação no âmbito do Observatório Desporto, Educação e Comunidade, integrado no Centro de Investigação e Intervenção Educativas da FPCEUP";Ajuste Direto Regime Geral;Aquisição de serviços;72316000-3;Principal;Serviços de análise de dados;4875.0 € ;Universidade do Porto (501413197);Luís Manuel de Oliveira Marques de Almeida;"4.875,00 €";22-11-2023;22-11-2023;40 dias;"Portugal, Porto, Porto";"Artigo 20.º, n.º 1, alínea d) do Código dos Contratos Públicos";;;;;;;Não aplicável.;Não aplicável.;false;;false;;;Código dos Contratos Públicos ( DL 111-B/2017 );false;false;
Traduções técnicas;Ajuste Direto Regime Geral;Aquisição de serviços;79530000-8;Principal;Serviços de tradução;12810.0 € ;Organização Internacional do Trabalho Escritório em Lisboa (980269644);"AD-VERBUM INTER, LDA. (515267830)";"12.810,00 €";22-11-2023;22-11-2023;40 dias;"Portugal, Lisboa, Lisboa";"Artigo 20.º, n.º 1, alínea d) do Código dos Contratos Públicos";;;;;;;Não aplicável.;Não aplicável.;false;;false;;;"Código dos Contratos Públicos (DL111-B/2017) e Lei n.º 30/2021, de 21.05";false;false;
DM CLINICO - CATETER UMBILICALPOLIURETANO DUPLO;Ajuste Direto Regime Geral;Aquisição de bens móveis;33141200-2;Principal;Cateteres;140.0 € ;"Centro Hospitalar Tondela-Viseu, E. P. E. (509822940)";"Teleflex Medical, S.A. (980249783)";"140,00 €";22-11-2023;22-11-2023;92 dias;"Portugal, Viseu, Viseu";"Artigo 26.º, n.º 1, alínea a) do Código dos Contratos Públicos";;;;;;;Não aplicável.;Não aplicável.;false;;false;;;"Código dos Contratos Públicos (DL111-B/2017) e Lei n.º 30/2021, de 21.05";true;false;
REPARAÇÃO DA MÁQUINA DE LAVAR FERROS ;Ajuste Direto Regime Geral;Aquisição de serviços;50000000-5;Principal;Serviços de reparação e manutenção;443.64 € ;"Centro Hospitalar Vila Nova de Gaia - Espinho, E. P. E. (508142156)";"LABLAD, LDA (502629703)";"443,64 €";22-11-2023;22-11-2023;5 dias;"Portugal, Porto, Vila Nova de Gaia";"Artigo 24.º, n.º 1, alínea c) do Código dos Contratos Públicos";;;;;;;Não aplicável.;Não aplicável.;false;;false;;;Código dos Contratos Públicos ( DL 111-B/2017 );true;false;
23L00265 - Aquisição de desumidificadores para o Museu da Ciência da Universidade de Coimbra;Ajuste Direto Regime Geral;Aquisição de bens móveis;42113161-0;Principal;Desumidificadores;6380.0 € ;Universidade de Coimbra (501617582);"AMBIMETRIC, LDA (514728922)";"6.380,00 €";22-11-2023;22-11-2023;10 dias;"Portugal, Coimbra, Coimbra";"Artigo 20.º, n.º 1, alínea d) do Código dos Contratos Públicos";;;;;;;Não aplicável.;Não aplicável.;false;;false;;;Código dos Contratos Públicos ( DL 111-B/2017 );false;false;
REPARAÇÃO DE INSTRUMENTAL CIRÚRGICO ;Ajuste Direto Regime Geral;Aquisição de serviços;50000000-5;Principal;Serviços de reparação e manutenção;512.93 € ;"Centro Hospitalar Vila Nova de Gaia - Espinho, E. P. E. (508142156)";"ALTHEA PORTUGAL - GESTÃO INTEGRADA DE TECNOLOGIA DE SAÚDE, LDA. (506989020)";"512,93 €";22-11-2023;22-11-2023;5 dias;"Portugal, Porto, Vila Nova de Gaia";"Artigo 24.º, n.º 1, alínea c) do Código dos Contratos Públicos";;;;;;;Não aplicável.;Não aplicável.;false;;false;;;Código dos Contratos Públicos ( DL 111-B/2017 );true;false;
"Prestação do Serviço de Transportes Escolares em Minicircuito Privativo de Aluguer nº XXII, no ano letivo 2023/2024.";Ajuste Direto Regime Geral;Aquisição de serviços;60170000-0;Principal;Aluguer de veículos para transporte de passageiros com condutor;11475.0 € ;Município de Vila Real (506359670);Tomás Augusto Oliveira Teixeira;"11.475,00 €";22-11-2023;22-11-2023;153 dias;"Portugal, Vila Real, Vila Real";"Artigo 20.º, n.º 1, alínea d) do Código dos Contratos Públicos";;;;;;;Não aplicável.;Não aplicável.;false;;false;;;"Código dos Contratos Públicos (DL111-B/2017) e Lei n.º 30/2021, de 21.05";false;false;
AQUISIÇÃO DE MATERIAL PARA A PLACA VIBRATÓRIA;Ajuste Direto Regime Geral;Aquisição de bens móveis;39290000-1;Principal;Acessórios diversos;1367.0 € ;Município de Nelas (506834166);"Oxifat - Chapas Industriais e Oxicorte, Lda (510398308)";"1.367,00 €";22-11-2023;22-11-2023;15 dias;"Portugal, Viseu, Nelas";"Artigo 20.º, n.º 1, alínea d) do Código dos Contratos Públicos";;;;;;;Não aplicável.;Não aplicável.;false;https://www.acingov.pt/acingovprod/2/zonaPublica/zona_publica_c/donwloadProcedurePiece/Njk1ODk5;false;;;"Código dos Contratos Públicos (DL111-B/2017) e Lei n.º 30/2021, de 21.05";false;false;
CONCURSO PUBLICO 23A00018 - Aquisição de consumíveis de impressão originais;Concurso público;Aquisição de bens móveis;30125100-2;Principal;Cartuchos de tinta (toner);103790.0 € ;Adm.Reg.de Saúde de Lisboa e Vale do Tejo (ARSLVT) (503148776);"Basedois - Informatica e Telecomunicações, Limitada (501333401)";"103.790,00 €";22-11-2023;22-11-2023;61 dias;"Portugal, Lisboa, Lisboa";"Artigo 20.º, n.º 1, alínea b) do Código dos Contratos Públicos";;;;;;;Não aplicável.;Não aplicável.;false;https://community.vortal.biz/PRODPublic/Tendering/OpportunityDetail/Index?noticeUID=PT1.NTC.2582239;false;;;"Código dos Contratos Públicos (DL111-B/2017) e Lei n.º 30/2021, de 21.05";false;false;
Aquisição de 3 (três) equipamentos para PCR e Leucograma para os Serviço de Pediatria Médica - Urgência Pediátrica e Serviço Neonatologia - Int.- Uni.Cuid.Int. Neonatologia.;Ajuste Direto Regime Geral;Aquisição de bens móveis;33100000-1;Principal;Equipamento médico;6500.0 € ;"Centro Hospitalar Universitário de Lisboa Norte, E. P. E. (508481287)";BIOSURFIT (507503031);"6.500,00 €";22-11-2023;22-11-2023;40 dias;"Portugal, Lisboa, Lisboa";"Artigo 20.º, n.º 1, alínea d) do Código dos Contratos Públicos";;;;;;;Não aplicável.;Não aplicável.;false;https://community.vortal.biz/PRODPublic/Tendering/OpportunityDetail/Index?noticeUID=PT1.NTC.2599368;false;;;"Código dos Contratos Públicos (DL111-B/2017) e Lei n.º 30/2021, de 21.05";false;false;
REPARAÇÃO DA ÓTICA ;Ajuste Direto Regime Geral;Aquisição de serviços;50000000-5;Principal;Serviços de reparação e manutenção;530.0 € ;"Centro Hospitalar Vila Nova de Gaia - Espinho, E. P. E. (508142156)";Medwell (515346950);"530,00 €";22-11-2023;22-11-2023;5 dias;"Portugal, Porto, Vila Nova de Gaia";"Artigo 24.º, n.º 1, alínea c) do Código dos Contratos Públicos";;;;;;;Não aplicável.;Não aplicável.;false;;false;;;Código dos Contratos Públicos ( DL 111-B/2017 );true;false;
Prestação de Serviços em Regime de Avença – Técnico de Desporto - Operação Integrada Local da Freguesia do Milharado.;Consulta Prévia;Aquisição de serviços;92620000-3;Principal;Serviços relacionados com o desporto;40500.0 € ;Município de Mafra (502177080);Renato Alexandre da Costa Machado;"40.500,00 €";22-11-2023;22-11-2023;823 dias;"Portugal, Lisboa, Mafra";"Artigo 20.º, n.º 1, alínea c) do Código dos Contratos Públicos";;;;;;;Não aplicável.;Não aplicável.;false;;false;;;"Código dos Contratos Públicos (DL111-B/2017) e Lei n.º 30/2021, de 21.05";false;false;
SUBSTITUIÇÃO DE ALMOFADA DE APOIO E DE VELCROS DA PEDALEIRA ;Ajuste Direto Regime Geral;Aquisição de serviços;50000000-5;Principal;Serviços de reparação e manutenção;262.16 € ;"Centro Hospitalar Vila Nova de Gaia - Espinho, E. P. E. (508142156)";Teprel (502262184);"262,16 €";22-11-2023;22-11-2023;5 dias;"Portugal, Porto, Vila Nova de Gaia";"Artigo 24.º, n.º 1, alínea c) do Código dos Contratos Públicos";;;;;;;Não aplicável.;Não aplicável.;false;;false;;;Código dos Contratos Públicos ( DL 111-B/2017 );true;false;
4023031339 - Regimento de Engenharia N.º3 - aquisição do serviço de reparação dos Atrelados 4333-M e 3416-M e da Viatura Ligeira de Mercadorias MX-59-40;Ajuste Direto Regime Geral;Aquisição de serviços;50110000-9;Principal;Serviços de reparação e manutenção de veículos e equipamento afim;6581.04 € ;Estado-Maior do Exército (600021610);Mourauto - Comércio e Reparações Em Veículos Lda (503768430);"6.581,04 €";22-11-2023;22-11-2023;15 dias;"Portugal, Aveiro, Santa Maria da Feira";"Artigo 20.º, n.º 1, alínea d) do Código dos Contratos Públicos";;;;;;;Não aplicável.;Não aplicável.;false;;false;;;Código dos Contratos Públicos ( DL 111-B/2017 );false;false;
CP 116/2023/DICP - T - 26/2023 - ELABORAÇÃO DO PROJETO DE EXECUÇÃO DE DUAS PONTES PEDO-CICLÁVEIS SOBRE OS RIOS LIS E LENA;Consulta Prévia;Aquisição de serviços;71240000-2;Principal;"Serviços de arquitectura, engenharia e planeamento";64400.0 € ;Município de Leiria (505181266);"SÉRGIO GUERRA, HUGO PIMENTA & ASSOCIADOS, LDA. (513146806)";"64.400,00 €";22-11-2023;22-11-2023;180 dias;"Portugal, Leiria, Leiria";"Artigo 20.º, n.º 1, alínea c) do Código dos Contratos Públicos";;;;;;;Não aplicável.;Não aplicável.;false;https://www.anogov.com/cm-leiria/faces/app/acessoDocs.jsp?codigoAcesso=jchYR3fB7YIkgAfK4tH5D0F4lYAFZvhNqncqW3oCuKOEbdrFl3;false;;;"Código dos Contratos Públicos (DL111-B/2017) e Lei n.º 30/2021, de 21.05";false;false;
1BCP20230192 - MATERIAL TERAPEUTICA DA DOR;Consulta Prévia;Aquisição de bens móveis;33190000-8;Principal;Dispositivos e produtos médicos variados;1400.0 € ;"Serviço de Saúde da Região Autónoma da Madeira, EPE-RAM (511228848)";"Teleflex Medical, S.A. (980249783)";"1.400,00 €";22-11-2023;22-11-2023;39 dias;"Portugal, Região Autónoma da Madeira, Funchal";"Artigo 20.º, n.º 1, alínea c) do Código dos Contratos Públicos e artigo 4.º, nº 1 do DLR nº 34/2008/M, de 14.08 (DLR n.º 6/2018/M)";;;;;;;Não aplicável.;Não aplicável.;false;https://www.acingov.pt/acingovprod/2/zonaPublica/zona_publica_c/donwloadProcedurePiece/NjI0MDkx;false;;;"Código dos Contratos Públicos (DL 111-B/2017) e Lei n.º 30/2021, de 21.05 e DLR nº 34/2008/M, de 14.08 (DLR n.º 6/2018/M)";false;false;
BEAD20230340 - PERAC - Luvas para uso medico - SPMS;Ao abrigo de acordo-quadro (art.º 259.º);Aquisição de bens móveis;33190000-8;Principal;Dispositivos e produtos médicos variados;16609.2 € ;"Serviço de Saúde da Região Autónoma da Madeira, EPE-RAM (511228848)";"MEDLINE INTERNATIONAL PORTUGAL, UNIPESSOAL, LDA (510533515)";"16.609,20 €";22-11-2023;22-11-2023;39 dias;"Portugal, Região Autónoma da Madeira, Funchal";Artigo 259.º do Código dos Contratos Públicos;;;;;;;1;Fornecimento de detergentes de máquina de lavar loiça;false;https://www.acingov.pt/acingovprod/2/zonaPublica/zona_publica_c/donwloadProcedurePiece/NjUxMTM2;false;;;"Código dos Contratos Públicos (DL 111-B/2017) e Lei n.º 30/2021, de 21.05 e DLR nº 34/2008/M, de 14.08 (DLR n.º 6/2018/M)";false;false;
BEAD20230340 - PERAC - Luvas para uso medico - SPMS;Ao abrigo de acordo-quadro (art.º 259.º);Aquisição de bens móveis;33190000-8;Principal;Dispositivos e produtos médicos variados;460.0 € ;"Serviço de Saúde da Região Autónoma da Madeira, EPE-RAM (511228848)";"EZEQUIEL PANÃO JORGE, LDA (501412727)";"460,00 €";22-11-2023;22-11-2023;39 dias;"Portugal, Região Autónoma da Madeira, Funchal";Artigo 259.º do Código dos Contratos Públicos;;;;;;;1;Fornecimento de detergentes de máquina de lavar loiça;false;https://www.acingov.pt/acingovprod/2/zonaPublica/zona_publica_c/donwloadProcedurePiece/NjUxMTM2;false;;;"Código dos Contratos Públicos (DL 111-B/2017) e Lei n.º 30/2021, de 21.05 e DLR nº 34/2008/M, de 14.08 (DLR n.º 6/2018/M)";false;false;
"AQUISIÇÃO EQUIPAMENTOS ATIVOS DE REDE DE DADOS - SWITCHS/CENTROS DE DADOS - CORTE E SEDE DA ARSLVT, IP.";Consulta Prévia;Aquisição de bens móveis;48824000-0;Principal;Servidores de impressora;74593.76 € ;"Administração Regional de Saúde de Lisboa e Vale do Tejo, I. P. (503148776)";Visualforma SA (503536717);"74.593,76 €";22-11-2023;22-11-2023;61 dias;"Portugal, Lisboa, Lisboa";"Artigo 20.º, n.º 1, alínea c) do Código dos Contratos Públicos";;;;;;;Não aplicável.;Não aplicável.;false;https://community.vortal.biz/PRODPublic/Tendering/OpportunityDetail/Index?noticeUID=PT1.NTC.2611151;false;;;"Código dos Contratos Públicos (DL111-B/2017) e Lei n.º 30/2021, de 21.05";false;false;
BEAD20230340 - PERAC - Luvas para uso medico - SPMS;Ao abrigo de acordo-quadro (art.º 259.º);Aquisição de bens móveis;33190000-8;Principal;Dispositivos e produtos médicos variados;11925.0 € ;"Serviço de Saúde da Região Autónoma da Madeira, EPE-RAM (511228848)";"ENERRE PHARMA, LDA. (514818484)";"11.925,00 €";22-11-2023;22-11-2023;39 dias;"Portugal, Região Autónoma da Madeira, Funchal";Artigo 259.º do Código dos Contratos Públicos;;;;;;;1;Fornecimento de detergentes de máquina de lavar loiça;false;https://www.acingov.pt/acingovprod/2/zonaPublica/zona_publica_c/donwloadProcedurePiece/NjUxMTM2;false;;;"Código dos Contratos Públicos (DL 111-B/2017) e Lei n.º 30/2021, de 21.05 e DLR nº 34/2008/M, de 14.08 (DLR n.º 6/2018/M)";false;false;
Aquisição de suportes para sacos de lixo;Consulta Prévia;Aquisição de bens móveis;44212313-6;Principal;Suportes;2590.0 € ;"Centro Hospitalar Universitário de Lisboa Norte, E. P. E. (508481287)";"Paramedica Equipamento Médicos, Lda (501393005)";"2.590,00 €";22-11-2023;22-11-2023;30 dias;"Portugal, Lisboa, Lisboa";"Artigo 20.º, n.º 1, alínea c) do Código dos Contratos Públicos";;;;;;;Não aplicável.;Não aplicável.;false;https://community.vortal.biz/PRODPublic/Tendering/OpportunityDetail/Index?noticeUID=PT1.NTC.2603954;false;;;"Código dos Contratos Públicos (DL111-B/2017) e Lei n.º 30/2021, de 21.05";false;false;
Aquisição de Mitraclip ;Ajuste Direto Regime Geral;Aquisição de bens móveis;33000000-0;Principal;"Equipamento médico, medicamentos e produtos para cuidados pessoais";20000.0 € ;"Centro Hospitalar Universitário de São João, E. P. E. (509821197)";ABBOTT MEDICAL PORT. DIST. PROD.MED. (504180746);"20.000,00 €";22-11-2023;22-11-2023;20 dias;"Portugal, Porto, Porto";"Artigo 24.º, n.º 1, alínea c) do Código dos Contratos Públicos";;;;;;;Não aplicável.;Não aplicável.;false;;false;;;Código dos Contratos Públicos ( DL 111-B/2017 );true;false;
"Serviços de manutenção de motociclos BMW, para os anos 2023 a 2025,";Ajuste Direto Regime Geral;Aquisição de serviços;50115000-4;Principal;Serviços de manutenção e reparação de motociclos;60000.0 € ;Polícia de Segurança Pública (600006662);"Santogal L - Comércio e Reparação de Automóveis, S.A. (502220465)";"60.000,00 €";22-11-2023;22-11-2023;1096 dias;"Portugal, Lisboa, Lisboa";"Artigo 24.º, n.º 1, alínea c) do Código dos Contratos Públicos";;;;;;;Não aplicável.;Não aplicável.;false;;false;;;Código dos Contratos Públicos ( DL 111-B/2017 );true;false;
Aquisição de 3 gravadores de Holter para o Serviço de Cardiologia I - MCDT's - Laboratório de Electrocardiografia Ambulatória de Holter;Consulta Prévia;Aquisição de bens móveis;33123200-0;Principal;Aparelhos para electrocardiografia;4800.0 € ;"Centro Hospitalar Universitário de Lisboa Norte, E. P. E. (508481287)";"MICROPORT CRM PORTUGAL, LDA (505514010)";"4.800,00 €";22-11-2023;22-11-2023;30 dias;"Portugal, Lisboa, Lisboa";"Artigo 20.º, n.º 1, alínea c) do Código dos Contratos Públicos";;;;;;;Não aplicável.;Não aplicável.;false;https://community.vortal.biz/PRODPublic/Tendering/OpportunityDetail/Index?noticeUID=PT1.NTC.2622852;false;;;"Código dos Contratos Públicos (DL111-B/2017) e Lei n.º 30/2021, de 21.05";false;false;
BROLUCIZUMAB;Ao abrigo de acordo-quadro (art.º 258.º);Aquisição de bens móveis;33690000-3;Principal;Medicamentos vários;10647.6 € ;"Serviço de Saúde da Região Autónoma da Madeira, EPE-RAM (511228848)";"NOVARTIS FARMA - Produtos Farmacêuticos, SA. (500063524)";"10.647,60 €";22-11-2023;22-11-2023;39 dias;"Portugal, Região Autónoma da Madeira, Funchal";Artigo 258.º do Código dos Contratos Públicos;;;;;;;1;Fornecimento de detergentes de máquina de lavar loiça;false;https://www.acingov.pt/acingovprod/2/zonaPublica/zona_publica_c/donwloadProcedurePiece/Njk1Mjcz;false;;;"Código dos Contratos Públicos (DL 111-B/2017) e Lei n.º 30/2021, de 21.05 e DLR nº 34/2008/M, de 14.08 (DLR n.º 6/2018/M)";false;false;
HEPARINA ;Ao abrigo de acordo-quadro (art.º 259.º);Aquisição de bens móveis;33690000-3;Principal;Medicamentos vários;28953.4 € ;"Serviço de Saúde da Região Autónoma da Madeira, EPE-RAM (511228848)";LEO Farmacêuticos Lda   (503932680);"28.953,40 €";22-11-2023;22-11-2023;39 dias;"Portugal, Região Autónoma da Madeira, Funchal";Artigo 259.º do Código dos Contratos Públicos;;;;;;;1;Fornecimento de detergentes de máquina de lavar loiça;false;https://www.acingov.pt/acingovprod/2/zonaPublica/zona_publica_c/donwloadProcedurePiece/NjgxMzYw;false;;;"Código dos Contratos Públicos (DL 111-B/2017) e Lei n.º 30/2021, de 21.05 e DLR nº 34/2008/M, de 14.08 (DLR n.º 6/2018/M)";false;false;
Aquisição de 2 laringoscópios para o Serviço de Hematologia e Transplantação de Medula - Internamento – Geral;Consulta Prévia;Aquisição de bens móveis;33100000-1;Principal;Equipamento médico;1232.0 € ;"Centro Hospitalar Universitário de Lisboa Norte, EPE (508481287)";SANO TÉCNICA (500239819);"1.232,00 €";22-11-2023;22-11-2023;30 dias;"Portugal, Lisboa, Lisboa";"Artigo 20.º, n.º 1, alínea c) do Código dos Contratos Públicos";;;;;;;Não aplicável.;Não aplicável.;false;https://community.vortal.biz/PRODPublic/Tendering/OpportunityDetail/Index?noticeUID=PT1.NTC.2609746;false;;;"Código dos Contratos Públicos (DL111-B/2017) e Lei n.º 30/2021, de 21.05";false;false;
Aquisição de materiais para manutenção de equipamento de monitorização Nihon Kohden;Ajuste Direto Regime Geral;Aquisição de bens móveis;33195000-3;Principal;Sistema de monitorização dos doentes;782.5 € ;"Centro Hospitalar Universitário de Lisboa Norte, E. P. E. (508481287)";"MEDICINÁLIA-CORMÉDICA, LDA (500684324)";"782,50 €";22-11-2023;22-11-2023;20 dias;"Portugal, Lisboa, Lisboa";"Artigo 24.º, n.º 1, alínea e), subalínea iii) do Código dos Contratos Públicos";;;;;;;Não aplicável.;Não aplicável.;false;https://community.vortal.biz/PRODPublic/Tendering/OpportunityDetail/Index?noticeUID=PT1.NTC.2622854;false;;;"Código dos Contratos Públicos (DL111-B/2017) e Lei n.º 30/2021, de 21.05";false;false;
Aquisição de 8 suportes de rolo de papel para catre;Consulta Prévia;Aquisição de bens móveis;44212313-6;Principal;Suportes;1480.0 € ;"Centro Hospitalar Universitário de Lisboa Norte, E. P. E. (508481287)";Francisco J. V. Marques;"1.480,00 €";22-11-2023;22-11-2023;30 dias;"Portugal, Lisboa, Lisboa";"Artigo 20.º, n.º 1, alínea c) do Código dos Contratos Públicos";;;;;;;Não aplicável.;Não aplicável.;false;https://community.vortal.biz/PRODPublic/Tendering/OpportunityDetail/Index?noticeUID=PT1.NTC.2623441;false;;;"Código dos Contratos Públicos (DL111-B/2017) e Lei n.º 30/2021, de 21.05";false;false;
IPCB-2023CPR29 – Serviços de limpeza no espaço exterior da ESA;Consulta Prévia;Aquisição de serviços;77311000-3;Principal;Serviços de manutenção de jardins ornamentais e recreativos;2500.0 € ;Instituto Politécnico de Castelo Branco (504152980);"EMPEV – Gestão de Espaços Verdes, Lda. (504447459)";"2.500,00 €";22-11-2023;22-11-2023;5 dias;"Portugal, Castelo Branco, Castelo Branco";"Artigo 20.º, n.º 1, alínea c) do Código dos Contratos Públicos";;;;;;;Não aplicável.;Não aplicável.;false;;false;;;Código dos Contratos Públicos ( DL 111-B/2017 );false;false;
DM CLINICO - BATA IRRECUPERAVEL ESTERILIZADA;Ajuste Direto Regime Geral;Aquisição de bens móveis;33140000-3;Principal;Material médico de consumo;585.0 € ;"Centro Hospitalar Tondela-Viseu, E. P. E. (509822940)";"Batist Medical, Lda (508592909)";"585,00 €";22-11-2023;22-11-2023;92 dias;"Portugal, Viseu, Viseu";"Artigo 26.º, n.º 1, alínea a) do Código dos Contratos Públicos";;;;;;;Não aplicável.;Não aplicável.;false;;false;;;"Código dos Contratos Públicos (DL111-B/2017) e Lei n.º 30/2021, de 21.05";true;false;
"PRC_0258/2023_GAE-O0760 - Acordo Quadro Singular para Execução de Empreitadas de Construção / Reparação de Infraestruturas das Águas do Norte, SA - Lote B - Tâmega, Sousa e Ave - Optativo 11";Ao abrigo de acordo-quadro (art.º 258.º);Empreitadas de obras públicas;45231300-8;Principal;Construção de condutas para água e águas residuais;5201.63 € ;"Águas do Norte, S. A. (513606084)";"Cimontubo - Tubagens e Soldadura, Lda (503439800)";"5.201,63 €";22-11-2023;22-11-2023;30 dias;"Portugal, Distrito não determinado, Concelho não determinado";Artigo 258.º do Código dos Contratos Públicos;;;;;;;5703278;"PRC_0507/2021_GAE - O0760 - Acordo Quadro Singular para Execução de Empreitadas de Construção / Reparação de Infraestruturas da Águas do Norte, S.A.";false;;false;;;"Código dos Contratos Públicos (DL111-B/2017) e Lei n.º 30/2021, de 21.05";false;false;
"PRC_0258/2023_GAE-O0760 - Acordo Quadro Singular para Execução de Empreitadas de Construção / Reparação de Infraestruturas das Águas do Norte, SA - Lote B - Tâmega, Sousa e Ave - Optativo 10";Ao abrigo de acordo-quadro (art.º 258.º);Empreitadas de obras públicas;45231300-8;Principal;Construção de condutas para água e águas residuais;2710.21 € ;"Águas do Norte, S. A. (513606084)";"Cimontubo - Tubagens e Soldadura, Lda (503439800)";"2.710,21 €";22-11-2023;22-11-2023;30 dias;"Portugal, Distrito não determinado, Concelho não determinado";Artigo 258.º do Código dos Contratos Públicos;;;;;;;5703278;"PRC_0507/2021_GAE - O0760 - Acordo Quadro Singular para Execução de Empreitadas de Construção / Reparação de Infraestruturas da Águas do Norte, S.A.";false;;false;;;"Código dos Contratos Públicos (DL111-B/2017) e Lei n.º 30/2021, de 21.05";false;false;
"Reparação da Motoniveladora CAT120G, com fornecimento de Peças";Ajuste Direto Regime Geral;Aquisição de bens móveis<br/>Aquisição de serviços;50000000-5;Principal;Serviços de reparação e manutenção;7033.86 € ;Município de Pedrógão Grande (507011937);"POUSAMIL - COMP. E MAQ. INDUSTRIAIS, SA. (501111190)";"7.033,86 €";22-11-2023;22-11-2023;30 dias;"Portugal, Leiria, Pedrogão Grande";"Artigo 20.º, n.º 1, alínea d) do Código dos Contratos Públicos";;;;;;;Não aplicável.;Não aplicável.;false;https://www.acingov.pt/acingovprod/2/zonaPublica/zona_publica_c/donwloadProcedurePiece/Njk0MjY2;false;;;"Código dos Contratos Públicos (DL111-B/2017) e Lei n.º 30/2021, de 21.05";false;false;
Aquisição de serviços de Manutenção e serviços de suporte para a solução edoclink GDCC;Ajuste Direto Regime Geral;Aquisição de bens móveis;32523000-5;Principal;Instalações para telecomunicações;73654.08 € ;Município de Cascais (505187531);"Link Consulting - Tecnologias de Informação, S.A. (504551221)";"73.654,08 €";22-11-2023;22-11-2023;1096 dias;"Portugal, Lisboa, Cascais";"Artigo 24.º, n.º 1, alínea e), subalínea iii) do Código dos Contratos Públicos";;;;;;;Não aplicável.;Não aplicável.;false;https://www.acingov.pt/acingovprod/2/zonaPublica/zona_publica_c/donwloadProcedurePiece/Njg4OTI2;false;;;"Código dos Contratos Públicos (DL111-B/2017) e Lei n.º 30/2021, de 21.05";false;false;
Grande reparação do sistema de climatização do Bloco C de Vairão;Ajuste Direto Regime Geral;Aquisição de serviços;50712000-9;Principal;Serviços de reparação e manutenção de equipamento mecânico em edifícios;17926.37 € ;"Instituto Nacional de Investigação Agrária e Veterinária, I. P. (510345271)";"Climacom - Assist. Técnica de Climatização, Lda. (502706775)";"17.926,37 €";22-11-2023;22-11-2023;38 dias;"Portugal, Porto, Vila do Conde";"Artigo 20.º, n.º 1, alínea d) do Código dos Contratos Públicos";Cumprimento integral do contrato;21-12-2023;"17.926,37 €";;;;Não aplicável.;Não aplicável.;false;;false;;;"Código dos Contratos Públicos (DL111-B/2017) e Lei n.º 30/2021, de 21.05";false;false;
Aquisição de Memórias;Ajuste Direto Regime Geral;Aquisição de bens móveis;30233100-2;Principal;Unidades de memória;5630.4 € ;Município de Alcochete (506788490);INETUM ESPAÑA  SA (980079659);"5.630,40 €";22-11-2023;22-11-2023;30 dias;"Portugal, Setúbal, Alcochete";"Artigo 20.º, n.º 1, alínea d) do Código dos Contratos Públicos";Cumprimento integral do contrato;21-12-2023;"5.630,40 €";;;;Não aplicável.;Não aplicável.;false;;false;;;"Código dos Contratos Públicos (DL111-B/2017) e Lei n.º 30/2021, de 21.05";false;false;
Aquisição de fatos impermeáveis para cheias e inundações.;Consulta Prévia;Aquisição de bens móveis;18221000-4;Principal;Vestuário impermeável;41670.0 € ;Município de Cascais (505187531);"VIANAS, SA (501745068)";"41.670,00 €";22-11-2023;22-11-2023;30 dias;"Portugal, Lisboa, Cascais";"Artigo 20.º, n.º 1, alínea c) do Código dos Contratos Públicos";;;;;;;Não aplicável.;Não aplicável.;false;https://www.acingov.pt/acingovprod/2/zonaPublica/zona_publica_c/donwloadProcedurePiece/NjkwMzA0;false;;;"Código dos Contratos Públicos (DL111-B/2017) e Lei n.º 30/2021, de 21.05";false;false;
"ESPETÁCULO MUSICAL POR OCASIÃO DA XLII FESTA DA AMENDOEIRA EM FLOR - 2024, COM ""QUATRO E MEIA""";Ajuste Direto Regime Geral;Aquisição de serviços;92312100-2;Principal;"Serviços recreativos de produtores teatrais, grupos de cantores, bandas de música e orquestras";38000.0 € ;Município de Vila Nova de Foz Côa (506829197);"Primeira Linha, Lda. (510730507)";"38.000,00 €";22-11-2023;22-11-2023;1 dias;"Portugal, Guarda, Vila Nova de Foz Coa";"Artigo 24.º, n.º 1, alínea e), subalínea i) do Código dos Contratos Públicos";;;;;;;Não aplicável.;Não aplicável.;false;;false;;;Código dos Contratos Públicos ( DL 111-B/2017 );true;false;
Aluguer Operacional de 11 Veículos Ligeiros de Mercadorias;Ajuste Direto Regime Geral;Aquisição de serviços;98390000-3;Principal;Outros serviços;58423.56 € ;Câmara Municipal da Moita (506791220);LeasePlan Portugal - Comércio e Aluguer de Automóveis e Equipamentos Unipessoal Lda. (502167610);"58.423,56 €";22-11-2023;22-11-2023;366 dias;"Portugal, Setúbal, Moita";"Artigo 24.º, n.º 1, alínea e), subalínea iii) do Código dos Contratos Públicos";;;;;;;Não aplicável.;Não aplicável.;false;https://community.vortal.biz/PRODPublic/Tendering/OpportunityDetail/Index?noticeUID=PT1.NTC.2614858;false;;;"Código dos Contratos Públicos (DL111-B/2017) e Lei n.º 30/2021, de 21.05";false;false;
231000596 - Material de penso de efeito terapêutico - CPA 2022/10;Ao abrigo de acordo-quadro (art.º 259.º);Aquisição de bens móveis;33690000-3;Principal;Medicamentos vários;4680.0 € ;"Centro Hospitalar Universitário de Lisboa Norte, E. P. E. (508481287)";"MOLNLYCKE HEALTH CARE COM PROD HOSPITALARES, LDA (511101066)";"4.680,00 €";22-11-2023;22-11-2023;39 dias;"Portugal, Lisboa, Lisboa";Artigo 259.º do Código dos Contratos Públicos;;;;;;;5856536;"CP 2022/10 - Acordo quadro para fornecimento de material de penso de efeito terapêutico, na área da Saúde";false;;false;;;"Código dos Contratos Públicos (DL111-B/2017) e Lei n.º 30/2021, de 21.05";false;false;
Fornecimento contínuo de bens alimentares para preparação de refeições escolares em refeitório;Concurso público;Aquisição de bens móveis;15000000-8;Principal;"Produtos alimentares, bebidas, tabaco e produtos afins";19075.0 € ;Município de Montemor-o-Novo (506609553);"EVORAVICOLA - INDUSTRIA E COMERCIO DE AVES, LDA (501591842)";"19.075,00 €";22-11-2023;22-11-2023;121 dias;"Portugal, Évora, Montemor-o-Novo";"Artigo 20.º, n.º 1, alínea b) do Código dos Contratos Públicos";;;;;;;Não aplicável.;Não aplicável.;false;https://gov.saphety.com/bizgov/econcursos/procedurePiecesExport_249856!exportProcedure.action;false;;;"Código dos Contratos Públicos (DL111-B/2017) e Lei n.º 30/2021, de 21.05";false;false;
Empreitada para substituição de estrutura de suporte de cabo telefónico junto Serviço de Imuno-hemoterapia.;Ajuste Direto Regime Geral;Empreitadas de obras públicas;45113000-2;Principal;Obras no local;1642.15 € ;"Centro Hospitalar Universitário de Lisboa Norte, E. P. E. (508481287)";"Tojalense - Trabalhos em Const. Civil, Unip., Lda (505569400)";"1.642,15 €";22-11-2023;22-11-2023;1 dias;"Portugal, Lisboa, Lisboa";"Artigo 24.º, n.º 1, alínea c) do Código dos Contratos Públicos";;;;;;;Não aplicável.;Não aplicável.;false;https://community.vortal.biz/PRODPublic/Tendering/OpportunityDetail/Index?noticeUID=PT1.NTC.2599047;false;;;"Código dos Contratos Públicos (DL111-B/2017) e Lei n.º 30/2021, de 21.05";false;false;
DM CLINICO - ELETRODO NEONATAL ESPUMA PARA MONITORIZAÇÃO;Ajuste Direto Regime Geral;Aquisição de bens móveis;33140000-3;Principal;Material médico de consumo;2141.37 € ;"Centro Hospitalar Tondela-Viseu, E. P. E. (509822940)";CLINIFAR - PROD. CLIN. FARMACÊUTICOS S.A. (503281115);"2.141,37 €";22-11-2023;22-11-2023;92 dias;"Portugal, Viseu, Viseu";"Artigo 26.º, n.º 1, alínea a) do Código dos Contratos Públicos";;;;;;;Não aplicável.;Não aplicável.;false;;false;;;"Código dos Contratos Públicos (DL111-B/2017) e Lei n.º 30/2021, de 21.05";true;false;
3023014037 - 3007CN65-AQUISIÇÃO E INSTALAÇÃO PARABRISAS EM POLICARBONATO;Ajuste Direto Regime Geral;Aquisição de bens móveis;35520000-5;Principal;Peças para navios de guerra;6500.0 € ;Ministério da Defesa Nacional - Marinha (600012662);TERNER MARITIME LDA (509076718);"6.500,00 €";22-11-2023;22-11-2023;5 dias;Portugal;"Artigo 20.º, n.º 1, alínea d) do Código dos Contratos Públicos";;;;;;;Não aplicável.;Não aplicável.;false;https://www.acingov.pt/acingovprod/2/zonaPublica/zona_publica_c/donwloadProcedurePiece/Njk1ODgz;false;;;Código dos Contratos Públicos ( DL 111-B/2017 );false;false;
" Reparação de OCT(subs de componentes informaticos) do BOC do HEM, CHLO, EPE";Ajuste Direto Regime Geral;Aquisição de serviços;50000000-5;Principal;Serviços de reparação e manutenção;4500.0 € ;"Centro Hospitalar de Lisboa Ocidental, E. P. E. (507618319)";"OFTALTEC, LDA. (503197149)";"4.500,00 €";22-11-2023;22-11-2023;5 dias;"Portugal, Lisboa, Lisboa";"Artigo 24.º, n.º 1, alínea e), subalínea ii) do Código dos Contratos Públicos";;;;;;;Não aplicável.;Não aplicável.;false;;false;;;Código dos Contratos Públicos ( DL 111-B/2017 );true;false;
PRC_0110/2023_GAE-EB0722 - Empreitada geral de substituições / renovações de infraestruturas do Sistema de Águas da Região do Noroeste - Lote C - Municípios de Amarante e Baião - 4º Optativo;Ao abrigo de acordo-quadro (art.º 258.º);Empreitadas de obras públicas;45200000-9;Principal;Obras de construção total ou parcial e de engenharia civil;29149.93 € ;"Águas do Norte, SA (513606084)";"Construções Mota & Brandão, Lda (506958680)";"29.149,93 €";22-11-2023;22-11-2023;30 dias;"Portugal, Porto, Baião<BR/>Portugal, Porto, Amarante";Artigo 258.º do Código dos Contratos Públicos;;;;;;;5410341;"PRC_0306/2021_GAE - ""EB0722 - Empreitada geral de substituições / renovações de infraestruturas do Sistema de Águas da Região do Noroeste";false;https://www.acingov.pt/acingovprod/2/zonaPublica/zona_publica_c/donwloadProcedurePiece/NjY1MjEz;false;;;"Código dos Contratos Públicos (DL111-B/2017) e Lei n.º 30/2021, de 21.05";false;false;
IPCB-2023AD014 – Aluguer de 2 viaturas;Ajuste Direto Regime Geral;Aquisição de serviços;60171000-7;Principal;Aluguer de automóveis de passageiros com condutor;15240.0 € ;Instituto Politécnico de Castelo Branco (504152980);"12AB-RENT - Aluguer de viaturas e máquinas, Lda. (509472052)";"15.240,00 €";22-11-2023;22-11-2023;366 dias;"Portugal, Castelo Branco, Castelo Branco";"Artigo 20.º, n.º 1, alínea d) do Código dos Contratos Públicos";;;;;;;Não aplicável.;Não aplicável.;false;;false;;;Código dos Contratos Públicos ( DL 111-B/2017 );false;false;
"Substituição de Lâmpada Xenon da Fonte de Luz fria das Endoscopias do HEM, CHLO, EPE";Ajuste Direto Regime Geral;Aquisição de serviços;50000000-5;Principal;Serviços de reparação e manutenção;1117.82 € ;"Centro Hospitalar de Lisboa Ocidental, E. P. E. (507618319)";OLYMPUS IBERIA S.A.U. (980474710);"1.117,82 €";22-11-2023;22-11-2023;5 dias;"Portugal, Lisboa, Lisboa";"Artigo 24.º, n.º 1, alínea e), subalínea ii) do Código dos Contratos Públicos";;;;;;;Não aplicável.;Não aplicável.;false;;false;;;Código dos Contratos Públicos ( DL 111-B/2017 );true;false;
Aquisição da Estrutura de Varandim na ETAR da Gemieira;Consulta Prévia;Aquisição de bens móveis;35113300-2;Principal;Instalações de segurança;10208.42 € ;"A. D. A. M. - Águas do Alto Minho, S. A. (515486159)";"IN SAFE HANDS, UNIPESSOAL LDA (514218800)";"10.208,42 €";22-11-2023;22-11-2023;182 dias;"Portugal, Viana do Castelo, Ponte de Lima";"Artigo 20.º, n.º 1, alínea c) do Código dos Contratos Públicos";;;;;;;Não aplicável.;Não aplicável.;false;https://www.acingov.pt/acingovprod/2/zonaPublica/zona_publica_c/donwloadProcedurePiece/NjQ4NDAz;false;;;"Código dos Contratos Públicos (DL111-B/2017) e Lei n.º 30/2021, de 21.05";false;false;
Aquisição de um LIMPA BERMAS – com cabeça de corte 120cm e com comando por sistema electro-hidráulico com joystick;Consulta Prévia;Aquisição de bens móveis;16600000-1;Principal;Máquinas especializadas para a agricultura ou a silvicultura;36448.0 € ;Município da Lourinhã (502177101);"CABENA - CABINAS DE BENAVENTE, LDA (501142290)";"36.448,00 €";22-11-2023;22-11-2023;30 dias;"Portugal, Lisboa, Lourinhã";"Artigo 20.º, n.º 1, alínea c) do Código dos Contratos Públicos";;;;;;;Não aplicável.;Não aplicável.;false;https://www.acingov.pt/acingovprod/2/zonaPublica/zona_publica_c/donwloadProcedurePiece/NjY1MDYx;false;;;"Código dos Contratos Públicos (DL111-B/2017) e Lei n.º 30/2021, de 21.05";false;false;
Aquisição de Postal de Natal do ISCSP-ULisboa;Ajuste Direto Regime Geral;Aquisição de bens móveis;22000000-0;Principal;Material impresso e afins;5943.0 € ;Instituto Superior de Ciências Sociais e Políticas (600019152);"Sweets4U, Comercialização e Representação de Produtos Alimentares, Lda. (507406931)";"5.943,00 €";22-11-2023;22-11-2023;25 dias;Portugal;"Artigo 20.º, n.º 1, alínea d) do Código dos Contratos Públicos";;;;;;;Não aplicável.;Não aplicável.;false;https://www.acingov.pt/acingovprod/2/zonaPublica/zona_publica_c/donwloadProcedurePiece/Njk1MDQy;false;;;"Código dos Contratos Públicos (DL111-B/2017) e Lei n.º 30/2021, de 21.05";false;false;
Aquisição de artigos de merchandinsing de autor;Ajuste Direto Regime Geral;Aquisição de bens móveis;18420000-9;Principal;Acessórios de vestuário;150000.0 € ;"Parques de Sintra - Monte da Lua, S. A. (505174839)";"GATAFUNHOS, LDA (513020209)";"150.000,00 €";22-11-2023;22-11-2023;3 dias;"Portugal, Lisboa, Sintra";"Artigo 24.º, n.º 1, alínea e), subalínea iii) do Código dos Contratos Públicos";;;;;;;Não aplicável.;Não aplicável.;false;https://community.vortal.biz/PRODPublic/Tendering/OpportunityDetail/Index?noticeUID=PT1.NTC.2542444;false;;;"Código dos Contratos Públicos (DL111-B/2017) e Lei n.º 30/2021, de 21.05";false;false;
"Realização do espetáculo teatral “Ruy, a História Devida”";Ajuste Direto Regime Geral;Aquisição de serviços;92312240-5;Principal;Serviços prestados por artistas;8400.0 € ;Município de Amarante (501102752);Yellow Star Company  (510179851);"8.400,00 €";22-11-2023;22-11-2023;1 dias;"Portugal, Porto, Amarante";"Artigo 20.º, n.º 1, alínea d) do Código dos Contratos Públicos";;;;;;;Não aplicável.;Não aplicável.;false;https://www.acingov.pt/acingovprod/2/zonaPublica/zona_publica_c/donwloadProcedurePiece/Njk1NDgw;false;;;"Código dos Contratos Públicos (DL111-B/2017) e Lei n.º 30/2021, de 21.05";false;false;
ICP20230015 - PRC - MATERIAL PARA CIRUGIA LAPAROSCOPICA - RENOVAVEL;Concurso público;Aquisição de bens móveis;33190000-8;Principal;Dispositivos e produtos médicos variados;29232.0 € ;"Serviço de Saúde da Região Autónoma da Madeira, EPE-RAM (511228848)";ENDOTÉCNICA - Soluções Hospitalares  (503818348);"29.232,00 €";22-11-2023;22-11-2023;1095 dias;"Portugal, Região Autónoma da Madeira, Funchal";"Artigo 20.º, n.º 1, alínea a) do Código dos Contratos Públicos";;;;;;;Não aplicável.;Não aplicável.;false;https://www.acingov.pt/acingovprod/2/zonaPublica/zona_publica_c/donwloadProcedurePiece/NjE0NTQw;false;;;"Código dos Contratos Públicos (DL 111-B/2017) e Lei n.º 30/2021, de 21.05 e DLR nº 34/2008/M, de 14.08 (DLR n.º 6/2018/M)";false;false;
Aquisição de serviços para elaboração do PAPERSU - Plano de Ação para a Estratégia de Gestão de Resíduos do Município de Arouca;Ajuste Direto Regime Geral;Aquisição de serviços;71621000-7;Principal;Serviços técnicos de análise ou consultoria;10500.0 € ;Município de Arouca (506808122);"Ecogestus - Resíduos, Estudos e Soluções Lda.  (507364481)";"10.500,00 €";22-11-2023;22-11-2023;90 dias;"Portugal, Aveiro, Arouca";"Artigo 20.º, n.º 1, alínea d) do Código dos Contratos Públicos";;;;;;;Não aplicável.;Não aplicável.;false;https://www.acingov.pt/acingovprod/2/zonaPublica/zona_publica_c/donwloadProcedurePiece/Njg4ODUy;false;;;"Código dos Contratos Públicos (DL111-B/2017) e Lei n.º 30/2021, de 21.05";false;false;
Espetáculo de Coro Gospel Shout!;Ajuste Direto Regime Geral;Aquisição de serviços;92000000-1;Principal;"Serviços recreativos, culturais e desportivos";6180.0 € ;Município de Mértola (503279765);"SUPPORTCATEGORY UNIPESSOAL, LDA (515040045)";"6.180,00 €";22-11-2023;22-11-2023;30 dias;"Portugal, Beja, Mértola";"Artigo 20.º, n.º 1, alínea d) do Código dos Contratos Públicos";;;;;;;Não aplicável.;Não aplicável.;false;;false;;;Código dos Contratos Públicos ( DL 111-B/2017 );false;false;
aquisição de acessórios de fotografia;Ajuste Direto Regime Geral;Aquisição de bens móveis;38650000-6;Principal;Equipamento para fotografia;881.8 € ;Município de Almada (500051054);"NIOBO, LDA (507927915)";"881,80 €";22-11-2023;22-11-2023;15 dias;"Portugal, Setúbal, Almada";"Artigo 20.º, n.º 1, alínea d) do Código dos Contratos Públicos";;;;;;;Não aplicável.;Não aplicável.;false;;false;;;"Código dos Contratos Públicos (DL111-B/2017) e Lei n.º 30/2021, de 21.05";false;false;
"Aquisição de brinquedos para os filhos dos trabalhadores do Município, da Assembleia Municipal, Juntas de Freguesia, PSP, Bombeiros e CCD, no âmbito da celebração do Natal 2023.";Consulta Prévia;Aquisição de bens móveis;37520000-9;Principal;Brinquedos;20605.8 € ;Município de Oeiras (500745943);"Petit Ciel, Comércio de Brindes e Binquedos, Lda (504207350)";"20.605,80 €";22-11-2023;22-11-2023;28 dias;"Portugal, Lisboa, Oeiras";"Artigo 20.º, n.º 1, alínea c) do Código dos Contratos Públicos";;;;;;;Não aplicável.;Não aplicável.;false;;false;;;"Código dos Contratos Públicos (DL111-B/2017) e Lei n.º 30/2021, de 21.05";false;false;
"Aquisição de serviços de aluguer de Stands para o Mercadinho de Natal, a realizar em Abrantes";Ajuste Direto Regime Geral;Aquisição de serviços;98300000-6;Principal;Serviços diversos;7350.0 € ;Município de Abrantes (502661038);VTE EVENTOS LDA (510782582);"7.350,00 €";22-11-2023;22-11-2023;31 dias;"Portugal, Santarém, Abrantes";"Artigo 20.º, n.º 1, alínea d) do Código dos Contratos Públicos";;;;;;;Não aplicável.;Não aplicável.;false;https://www.acingov.pt/acingovprod/2/zonaPublica/zona_publica_c/donwloadProcedurePiece/Njk1Njg1;false;;;"Código dos Contratos Públicos (DL111-B/2017) e Lei n.º 30/2021, de 21.05";false;false;
51/AD/ACP/2023 - Aquisição de material de informática;Ajuste Direto Regime Geral;Aquisição de bens móveis;30200000-1;Principal;Equipamento e material informático;639.65 € ;Município de Reguengos de Monsaraz (507040589);"Ciberévora-Tecnologias de Informação, Lda (503747971)";"639,65 €";22-11-2023;22-11-2023;7 dias;"Portugal, Évora, Reguengos de Monsaraz";"Artigo 20.º, n.º 1, alínea d) do Código dos Contratos Públicos";;;;;;;Não aplicável.;Não aplicável.;false;;false;;;Código dos Contratos Públicos ( DL 111-B/2017 );false;false;
Contratação Luísa Sobral - Natal em Pombal - Processo n.º 081_AJD_SA_23;Ajuste Direto Regime Geral;Aquisição de serviços;92340000-6;Principal;Serviços de espectáculos recreativos e de dança;9785.0 € ;Município de Pombal (506334562);"Sons em Trânsito – Espectáculos Culturais, Unipessoal, Lda. (506734579)";"9.785,00 €";22-11-2023;22-11-2023;1 dias;"Portugal, Leiria, Pombal";"Artigo 20.º, n.º 1, alínea d) do Código dos Contratos Públicos";Cumprimento integral do contrato;21-12-2023;"9.785,00 €";;;;Não aplicável.;Não aplicável.;false;https://community.vortal.biz/PRODPublic/Tendering/OpportunityDetail/Index?noticeUID=PT1.NTC.2626051;false;;;"Código dos Contratos Públicos (DL111-B/2017) e Lei n.º 30/2021, de 21.05";false;false;
Aquisição de diverso material didático para as escolas;Consulta Prévia;Aquisição de bens móveis;39162110-9;Principal;Material pedagógico;3992.57 € ;Município de Oliveira de Azeméis (506302970);"Areal Editores, SA (501523375)";"3.992,57 €";22-11-2023;22-11-2023;15 dias;"Portugal, Aveiro, Oliveira de Azemeis";"Artigo 20.º, n.º 1, alínea c) do Código dos Contratos Públicos";;;;;;;Não aplicável.;Não aplicável.;false;https://www.acingov.pt/acingovprod/2/zonaPublica/zona_publica_c/donwloadProcedurePiece/NjkyNzg3;false;;;"Código dos Contratos Públicos (DL111-B/2017) e Lei n.º 30/2021, de 21.05";false;false;
231G001800 - FLUOROURACILO 5 G/ 100 ML INJ;Ajuste Direto Regime Geral;Aquisição de bens móveis;33690000-3;Principal;Medicamentos vários;436.0 € ;"Centro Hospitalar Universitário de Lisboa Norte, E. P. E. (508481287)";"ACCORD HEALTHCARE, UNIPESSOAL Lda. (508622263)";"436,00 €";22-11-2023;22-11-2023;39 dias;"Portugal, Lisboa, Lisboa";"Artigo 24.º, n.º 1, alínea e), subalínea iii) do Código dos Contratos Públicos";;;;;;;Não aplicável.;Não aplicável.;false;;false;;;"Código dos Contratos Públicos (DL111-B/2017) e Lei n.º 30/2021, de 21.05";true;false;
Prestação de serviços de reparação de viatura;Ajuste Direto Regime Geral;Aquisição de serviços;50112111-4;Principal;Serviços de bate-chapas;9872.0 € ;Universidade dos Açores (512017050);"PAULO VIVEIROS - PINTURA AUTO S.U., LDA  (514657375)";"9.872,00 €";22-11-2023;22-11-2023;12 dias;"Portugal, Região Autónoma dos Açores, Ponta Delgada";"Artigo 20.º, n.º 1, alínea d) do Código dos Contratos Públicos";;;;;;;Não aplicável.;Não aplicável.;false;;false;;;Código dos Contratos Públicos ( DL 111-B/2017 );false;false;
Reparação de Portas Automáticas da Hematologia e da UCI 4 do HSFX ;Ajuste Direto Regime Geral;Aquisição de serviços;50000000-5;Principal;Serviços de reparação e manutenção;220.29 € ;"Centro Hospitalar de Lisboa Ocidental, E. P. E. (507618319)";"Entredoor, Portas e automatismos Lda  (509282547)";"220,29 €";22-11-2023;22-11-2023;8 dias;"Portugal, Lisboa, Lisboa";"Artigo 24.º, n.º 1, alínea e), subalínea ii) do Código dos Contratos Públicos";;;;;;;Não aplicável.;Não aplicável.;false;;false;;;Código dos Contratos Públicos ( DL 111-B/2017 );true;false;
3023012792/Fornecimento Sobressalentes Aprontamento Classe Bartolomeu Dias;Ajuste Direto Regime Geral;Aquisição de bens móveis;35520000-5;Principal;Peças para navios de guerra;34093.2 € ;Ministério da Defesa Nacional - Marinha (600012662);"Wartsila Portugal, S.A. (502926287)";"34.093,20 €";22-11-2023;22-11-2023;63 dias;"Portugal, Setúbal, Almada";"Artigo 24.º, n.º 1, alínea e), subalínea iii) do Código dos Contratos Públicos";;;;;;;Não aplicável.;Não aplicável.;false;https://www.acingov.pt/acingovprod/2/zonaPublica/zona_publica_c/donwloadProcedurePiece/NjkyMDM1;false;;;"Código dos Contratos Públicos (DL111-B/2017) e Lei n.º 30/2021, de 21.05";false;false;
3023012198/Fornecimento de Sobressalentes para N.R.P. Corte Real e Álvares Cabral;Ajuste Direto Regime Geral;Aquisição de bens móveis;35520000-5;Principal;Peças para navios de guerra;47504.38 € ;Ministério da Defesa Nacional - Marinha (600012662);INDUMA - MÁQUINAS INDUSTRIAIS LIMITADA (500138559);"47.504,38 €";22-11-2023;22-11-2023;70 dias;"Portugal, Setúbal, Almada";"Artigo 24.º, n.º 1, alínea e), subalínea ii) do Código dos Contratos Públicos";;;;;;;Não aplicável.;Não aplicável.;false;https://www.acingov.pt/acingovprod/2/zonaPublica/zona_publica_c/donwloadProcedurePiece/NjkzMTg0;false;;;"Código dos Contratos Públicos (DL111-B/2017) e Lei n.º 30/2021, de 21.05";false;false;
DM CLINICO - FRALDA DESCARTAVEL PARA CRIANÇA;Ajuste Direto Regime Geral;Aquisição de bens móveis;33140000-3;Principal;Material médico de consumo;139.32 € ;"Centro Hospitalar Tondela-Viseu, E. P. E. (509822940)";Procter e Gamble Portugal SA (503037753);"139,32 €";22-11-2023;22-11-2023;92 dias;"Portugal, Viseu, Viseu";"Artigo 26.º, n.º 1, alínea a) do Código dos Contratos Públicos";;;;;;;Não aplicável.;Não aplicável.;false;;false;;;"Código dos Contratos Públicos (DL111-B/2017) e Lei n.º 30/2021, de 21.05";true;false;
CPR/110/23/DCP - Aquisição de serviços para a elaboração de projeto de execução de arquitetura paisagista e de projetos de execução de especialidades para o parque das sete fontes;Consulta Prévia;Aquisição de serviços;71400000-2;Principal;Serviços de arquitectura paisagística e planeamento urbano;74520.0 € ;Município de Braga (506901173);Limbo arquitetcura Paisgaista Unipessoal LDA (514676493);"74.520,00 €";22-11-2023;22-11-2023;1096 dias;"Portugal, Braga, Braga";"Artigo 20.º, n.º 1, alínea c) do Código dos Contratos Públicos";;;;;;;Não aplicável.;Não aplicável.;false;https://www.acingov.pt/acingovprod/2/zonaPublica/zona_publica_c/donwloadProcedurePiece/Njg4ODcy;false;;;"Código dos Contratos Públicos (DL111-B/2017) e Lei n.º 30/2021, de 21.05";false;false;
Ajuste direto para a prestação de serviços de realização de filme da exposição fotográfica de Alfredo Cunha no âmbito das comemorações dos 50 anos do 25 de abril;Ajuste Direto Regime Geral;Aquisição de serviços;92110000-5;Principal;Serviços de produção de filmes e fitas de vídeo e afins;6000.0 € ;Município da Amadora (505456010);"IDEAS & ARGUMENTS - CONSULTING, LDA (515985961)";"6.000,00 €";22-11-2023;22-11-2023;30 dias;"Portugal, Lisboa, Amadora";"Artigo 20.º, n.º 1, alínea d) do Código dos Contratos Públicos";;;;;;;Não aplicável.;Não aplicável.;false;https://community.vortal.biz/PRODPublic/Tendering/OpportunityDetail/Index?noticeUID=PT1.NTC.2606341;false;;;Código dos Contratos Públicos ( DL 111-B/2017 );false;false;
"Fornecimento contínuo de produtos de panificação, para o refeitório e aulas da Escola Profissional Vasconcellos Lebre (EPVL), propriedade da Escola Profissional da Mealhada, Unipessoal, Lda.";Ajuste Direto Regime Geral;Aquisição de bens móveis;15811000-6;Principal;Produtos de panificação;8628.0 € ;"Escola Profissional da Mealhada, L.da (504547313)";Isabel Maria Ferreira Marques Vieira;"8.628,00 €";22-11-2023;22-11-2023;283 dias;"Portugal, Aveiro, Mealhada";"Artigo 20.º, n.º 1, alínea d) do Código dos Contratos Públicos";;;;;;;Não aplicável.;Não aplicável.;false;;false;;;Código dos Contratos Públicos ( DL 111-B/2017 );false;false;
231000636 -  AGUA DESTILADA SOL ESTÉRIL FRS 1 L C/ ROSCA - CPA 2023/306;Ao abrigo de acordo-quadro (art.º 259.º);Aquisição de bens móveis;33690000-3;Principal;Medicamentos vários;13679.1 € ;"Centro Hospitalar Universitário de Lisboa Norte, E. P. E. (508481287)";"BAXTER - MÉDICO FARMACÊUTICA, LDA. (503347345)";"13.679,10 €";22-11-2023;22-11-2023;39 dias;"Portugal, Lisboa, Lisboa";Artigo 259.º do Código dos Contratos Públicos;;;;;;;6268838;"306/2023 - Acordo Quadro para fornecimento de corretivos da volémia, soluções para conservação de órgãos, hemodiálise, hemofiltração e outras soluções estéreis, na área da saúde";false;;false;;;"Código dos Contratos Públicos (DL111-B/2017) e Lei n.º 30/2021, de 21.05";false;false;
Fornecimento e instalação de equipamento de climatização – Centro Cultural e Municipal de Vila das Aves;Consulta Prévia;Aquisição de bens móveis;42510000-4;Principal;"Permutadores de calor, equipamento de ar condicionado e de refrigeração, aparelhos de filtragem";52340.0 € ;Município de Santo Tirso (501306870);Conforto & Equilibrio Refrigeração e Climatização Lda (509729851);"52.340,00 €";22-11-2023;22-11-2023;15 dias;"Portugal, Porto, Santo Tirso";"Artigo 20.º, n.º 1, alínea c) do Código dos Contratos Públicos";;;;;;;Não aplicável.;Não aplicável.;false;https://community.vortal.biz/PRODPublic/Tendering/OpportunityDetail/Index?noticeUID=PT1.NTC.2594842;false;;;"Código dos Contratos Públicos (DL111-B/2017) e Lei n.º 30/2021, de 21.05";false;false;
NCP20230031 - AQUISIÇÃO DE CONSUMIVEIS PARA PROCEDIMENTOS DE NEURORRADIOLOGIA;Concurso público;Aquisição de bens móveis;33190000-8;Principal;Dispositivos e produtos médicos variados;1440.0 € ;"Serviço de Saúde da Região Autónoma da Madeira, EPE-RAM (511228848)";"MEDLINE INTERNATIONAL PORTUGAL, UNIPESSOAL, LDA (510533515)";"1.440,00 €";22-11-2023;22-11-2023;39 dias;"Portugal, Região Autónoma da Madeira, Funchal";"Artigo 20.º, n.º 1, alínea b) do Código dos Contratos Públicos";;;;;;;Não aplicável.;Não aplicável.;false;https://www.acingov.pt/acingovprod/2/zonaPublica/zona_publica_c/donwloadProcedurePiece/NTk3OTIw;false;;;"Código dos Contratos Públicos (DL 111-B/2017) e Lei n.º 30/2021, de 21.05 e DLR nº 34/2008/M, de 14.08 (DLR n.º 6/2018/M)";false;false;
3023012794-AMN-Serviço de manutenção de embarcações e motores fora de bordo;Consulta Prévia;Aquisição de serviços;50241100-7;Principal;Serviços de reparação de embarcações;51717.18 € ;Ministério da Defesa Nacional - Marinha (600012662);Moto Atlântico Unip. Lda.  (508653746);"51.717,18 €";22-11-2023;22-11-2023;30 dias;"Portugal, Porto, Matosinhos";"Artigo 20.º, n.º 1, alínea c) do Código dos Contratos Públicos";;;;;;;Não aplicável.;Não aplicável.;false;https://www.acingov.pt/acingovprod/2/zonaPublica/zona_publica_c/donwloadProcedurePiece/NjkyMjQy;false;;;"Código dos Contratos Públicos (DL111-B/2017) e Lei n.º 30/2021, de 21.05";false;false;
PC.107.2023.0001427 - Aquisição de 140 computadores portáteis e 140 monitores;Concurso público;Aquisição de bens móveis;30200000-1;Principal;Equipamento e material informático;117600.0 € ;"Instituto da Habitação e da Reabilitação Urbana, I. P. (501460888)";"Basedois - Informatica e Telecomunicações, Limitada (501333401)";"117.600,00 €";22-11-2023;22-11-2023;60 dias;"Portugal, Lisboa, Lisboa";Artigo 155.º do Código dos Contratos Públicos;;;;;;;Não aplicável.;Não aplicável.;false;https://www.anogov.com/ip-ihru/faces/app/acessoDocs.jsp?codigoAcesso=wEkfN3MhzYaLfoFygjiPBatIB6MGcriwbO21M6UmW4zvpOJebr;false;;;"Código dos Contratos Públicos (DL111-B/2017) e Lei n.º 30/2021, de 21.05";false;false;
AVELUMAB;Ao abrigo de acordo-quadro (art.º 258.º);Aquisição de bens móveis;33690000-3;Principal;Medicamentos vários;25273.92 € ;"Serviço de Saúde da Região Autónoma da Madeira, EPERAM (SESARAM, EPERAM) (511228848)";Merck. S.A. (500650870);"25.273,92 €";22-11-2023;22-11-2023;39 dias;"Portugal, Região Autónoma da Madeira, Funchal";Artigo 258.º do Código dos Contratos Públicos;;;;;;;1;Fornecimento de detergentes de máquina de lavar loiça;false;https://www.acingov.pt/acingovprod/2/zonaPublica/zona_publica_c/donwloadProcedurePiece/NjkxMDIy;false;;;"Código dos Contratos Públicos (DL 111-B/2017) e Lei n.º 30/2021, de 21.05 e DLR nº 34/2008/M, de 14.08 (DLR n.º 6/2018/M)";false;false;
AQUISIÇÃO DE ROLOS DE LINÓLEO;Ajuste Direto Regime Geral;Aquisição de bens móveis;44112230-9;Principal;Linóleo;9404.5 € ;"Teatro Nacional de São João, E. P. E. (503966908)";"Luzeiro - Gabinete Técnico de Iluminação para Espetáculos, Lda. (501222189)";"9.404,50 €";22-11-2023;22-11-2023;35 dias;"Portugal, Porto, Porto";"Artigo 20.º, n.º 1, alínea d) do Código dos Contratos Públicos";;;;;;;Não aplicável.;Não aplicável.;false;;false;;;"Código dos Contratos Públicos (DL111-B/2017) e Lei n.º 30/2021, de 21.05";false;false;
234/23 - Manutenção Corretiva de Parques Escolares Infantis - EB n.º 4 e 7;Consulta Prévia;Aquisição de serviços;77313000-7;Principal;Serviços de manutenção de parques;8258.0 € ;Município de Olhão (506321894);"CABENA - CABINAS DE BENAVENTE, LDA (501142290)";"8.258,00 €";22-11-2023;22-11-2023;39 dias;"Portugal, Faro, Olhão";"Artigo 20.º, n.º 1, alínea c) do Código dos Contratos Públicos";;;;;;;Não aplicável.;Não aplicável.;false;https://www.acingov.pt/acingovprod/2/zonaPublica/zona_publica_c/donwloadProcedurePiece/NjkyNDQ0;false;;;"Código dos Contratos Públicos (DL111-B/2017) e Lei n.º 30/2021, de 21.05";false;false;
"reparação de criostato instalado no CHUSJ,EPE";Ajuste Direto Regime Geral;Aquisição de serviços;50000000-5;Principal;Serviços de reparação e manutenção;5952.91 € ;"Centro Hospitalar Universitário de São João, E. P. E. (509821197)";"LUSOPALEX-Produtos de Saúde, Unipessoal Lda (503531588)";"5.952,91 €";22-11-2023;22-11-2023;30 dias;"Portugal, Porto, Porto";"Artigo 24.º, n.º 1, alínea c) do Código dos Contratos Públicos";;;;;;;Não aplicável.;Não aplicável.;false;;false;;;Código dos Contratos Públicos ( DL 111-B/2017 );true;false;
"Fornecimento contínuo de produtos de panificação, para o refeitório da Escola Técnico Profissional de Cantanhede (ETPC), propriedade da E.T.P.M.M. - Escola Técnica e Profissional Marquês de Marialva, S.A.";Ajuste Direto Regime Geral;Aquisição de bens móveis;15811000-6;Principal;Produtos de panificação;8844.0 € ;"E. T. P. M. M. - Escola Técnica e Profissional Marquês de Marialva, S. A. (508894034)";António Jorge da Costa Fernandes;"8.844,00 €";22-11-2023;22-11-2023;283 dias;"Portugal, Coimbra, Cantanhede";"Artigo 20.º, n.º 1, alínea d) do Código dos Contratos Públicos";;;;;;;Não aplicável.;Não aplicável.;false;;false;;;Código dos Contratos Públicos ( DL 111-B/2017 );false;false;
Aquisição do Serviço de Colocação das Iluminações de Natal 2023;Consulta Prévia;Aquisição de serviços;71318100-1;Principal;Serviços de iluminação natural e artificial;30000.0 € ;Municipio de Porto de Mós (505586401);"Oásis da Luz, Unipessoal, Lda. (509549268)";"30.000,00 €";22-11-2023;22-11-2023;25 dias;"Portugal, Leiria, Porto de Mós";"Artigo 20.º, n.º 1, alínea c) do Código dos Contratos Públicos";;;;;;;Não aplicável.;Não aplicável.;false;https://www.acingov.pt/acingovprod/2/zonaPublica/zona_publica_c/donwloadProcedurePiece/Njk1MDU1;false;;;"Código dos Contratos Públicos (DL111-B/2017) e Lei n.º 30/2021, de 21.05";false;false;
232G005267 – Aquisição de Consumíveis de ortopedia;Ajuste Direto Regime Geral;Aquisição de bens móveis;33140000-3;Principal;Material médico de consumo;8266.42 € ;"Centro Hospitalar Universitário de Lisboa Norte, E. P. E. (508481287)";SOCIME II - Produtos Medicos Lda (504453939);"8.266,42 €";22-11-2023;22-11-2023;2 dias;"Portugal, Lisboa, Lisboa";"Artigo 24.º, n.º 1, alínea e), subalínea ii) do Código dos Contratos Públicos";;;;;;;Não aplicável.;Não aplicável.;false;;false;;;"Código dos Contratos Públicos (DL111-B/2017) e Lei n.º 30/2021, de 21.05";true;false;
Pavimentação em Diversas Ruas nas Freguesias do Concelho – Rua Campo da Bola – Calvaria de Cima ;Ajuste Direto Regime Geral;Empreitadas de obras públicas;45233220-7;Principal;Pavimentação de estradas;23885.0 € ;Município de Porto de Mós (505586401);"Estimapaisagem - Unipessoal, Ld.ª (513487123)";"23.885,00 €";22-11-2023;22-11-2023;8 dias;"Portugal, Leiria, Porto de Mós";"Artigo 19.º, alínea d) do Código dos Contratos Públicos";;;;;;;Não aplicável.;Não aplicável.;false;https://www.acingov.pt/acingovprod/2/zonaPublica/zona_publica_c/donwloadProcedurePiece/Njk2MzQ2;false;;;"Código dos Contratos Públicos (DL111-B/2017) e Lei n.º 30/2021, de 21.05";false;false;
Reabilitação da Galeria de Algares e Poço Vipasca ;Ajuste Direto Regime Geral;Empreitadas de obras públicas;45259000-7;Principal;Reparação e manutenção de instalações;15280.0 € ;Município de Aljustrel (501122486);Constrotúnel S.A. (502495111);"15.280,00 €";22-11-2023;22-11-2023;30 dias;"Portugal, Beja, Aljustrel";"Artigo 19.º, alínea d) do Código dos Contratos Públicos";;;;;;;Não aplicável.;Não aplicável.;false;https://www.acingov.pt/acingovprod/2/zonaPublica/zona_publica_c/donwloadProcedurePiece/NjkwMjcy;false;;;"Código dos Contratos Públicos (DL111-B/2017) e Lei n.º 30/2021, de 21.05";false;false;
IMUNOMODULADORES - PANITUMUMAB - 2º SEMESTRE;Ao abrigo de acordo-quadro (art.º 258.º);Aquisição de bens móveis;33690000-3;Principal;Medicamentos vários;138051.1 € ;"Serviço de Saúde da Região Autónoma da Madeira, EPE-RAM (511228848)";"AMGEN-BIOFARMACEUTICA, LDA (502942959)";"138.051,10 €";22-11-2023;22-11-2023;39 dias;"Portugal, Região Autónoma da Madeira, Funchal";Artigo 258.º do Código dos Contratos Públicos;;;;;;;1;Fornecimento de detergentes de máquina de lavar loiça;false;https://www.acingov.pt/acingovprod/2/zonaPublica/zona_publica_c/donwloadProcedurePiece/NjkwOTUy;false;;;"Código dos Contratos Públicos (DL 111-B/2017) e Lei n.º 30/2021, de 21.05 e DLR nº 34/2008/M, de 14.08 (DLR n.º 6/2018/M)";false;false;
Aquisição de serviços para desenvolvimento de plataforma para monitorização do plano de mobilidade escolar do Município de Guimarães ;Consulta Prévia;Aquisição de serviços;72500000-0;Principal;Serviços relacionados com a informática;19990.0 € ;Município de Guimarães (505948605);Ubiwhere Lda. (508245567);"19.990,00 €";22-11-2023;22-11-2023;20 dias;"Portugal, Braga, Guimarães";"Artigo 20.º, n.º 1, alínea c) do Código dos Contratos Públicos";;;;;;;Não aplicável.;Não aplicável.;false;https://www.acingov.pt/acingovprod/2/zonaPublica/zona_publica_c/donwloadProcedurePiece/Njk1MDE2;false;;;"Código dos Contratos Públicos (DL111-B/2017) e Lei n.º 30/2021, de 21.05";false;false;
DM CLINICO -LENTE INTRAOCULAR;Ajuste Direto Regime Geral;Aquisição de bens móveis;33184000-3;Principal;Próteses;3900.0 € ;"Centro Hospitalar Tondela-Viseu, E. P. E. (509822940)";"Excelentetítulo – Unipessoal, Lda (510255086)";"3.900,00 €";22-11-2023;22-11-2023;92 dias;"Portugal, Viseu, Viseu";"Artigo 26.º, n.º 1, alínea a) do Código dos Contratos Públicos";;;;;;;Não aplicável.;Não aplicável.;false;;false;;;"Código dos Contratos Públicos (DL111-B/2017) e Lei n.º 30/2021, de 21.05";true;false;
REPARAÇÃO DA MÁQUINA DE SECAR ROUPA;Ajuste Direto Regime Geral;Aquisição de serviços;50000000-5;Principal;Serviços de reparação e manutenção;45.0 € ;"Centro Hospitalar Vila Nova de Gaia - Espinho, E. P. E. (508142156)";Serviço de Utilização Comum dos Hospitais (500900469);"45,00 €";22-11-2023;22-11-2023;5 dias;"Portugal, Porto, Vila Nova de Gaia";"Artigo 24.º, n.º 1, alínea c) do Código dos Contratos Públicos";;;;;;;Não aplicável.;Não aplicável.;false;;false;;;Código dos Contratos Públicos ( DL 111-B/2017 );true;false;
OT 2023091069 - MANUTENÇÃO PREVENTIVA DA MACERADORA DE RESÍDUOS ;Ajuste Direto Regime Geral;Aquisição de serviços;50000000-5;Principal;Serviços de reparação e manutenção;234.0 € ;"Centro Hospitalar Vila Nova de Gaia - Espinho, E. P. E. (508142156)";"AVIQUIMICA-IMPORTAÇÕES E MANUFACTURAS, LDA (500039720)";"234,00 €";22-11-2023;22-11-2023;5 dias;"Portugal, Porto, Vila Nova de Gaia";"Artigo 24.º, n.º 1, alínea c) do Código dos Contratos Públicos";;;;;;;Não aplicável.;Não aplicável.;false;;false;;;Código dos Contratos Públicos ( DL 111-B/2017 );true;false;
"Espetáculo ""Rui Massena_Ensemble Tour'23""";Ajuste Direto Regime Geral;Aquisição de serviços;92300000-4;Principal;Serviços recreativos;29500.0 € ;Município de Coimbra (506415082);"Welcome Music, Unipessoal Lda (514739770)";"29.500,00 €";22-11-2023;22-11-2023;1 dias;"Portugal, Coimbra, Coimbra";"Artigo 24.º, n.º 1, alínea e), subalínea i) do Código dos Contratos Públicos";;;;;;;Não aplicável.;Não aplicável.;false;;false;;;Código dos Contratos Públicos ( DL 111-B/2017 );true;false;
Aquisição de equipamento báscula para a ETAR de Alcanena;Ajuste Direto Regime Geral;Aquisição de bens móveis;42923200-4;Principal;Básculas;16500.0 € ;"AQUANENA - Empresa Municipal de Águas e Saneamento de Alcanena, E. M., S. A. (515194212)";"Balanças Marques de José Pimenta Marques, Lda. (502130326)";"16.500,00 €";22-11-2023;22-11-2023;20 dias;"Portugal, Santarém, Alcanena";"Artigo 20.º, n.º 1, alínea d) do Código dos Contratos Públicos";;;;;;;Não aplicável.;Não aplicável.;false;;false;;;"Código dos Contratos Públicos (DL111-B/2017) e Lei n.º 30/2021, de 21.05";false;false;
"231G001737/115 - AQUISIÇÃO DE  SOL DIAL PERIT GLUC 1,5% C/ BICARBONATO KIT 6L";Ajuste Direto Regime Geral;Aquisição de bens móveis;33600000-6;Principal;Produtos farmacêuticos;16524.0 € ;"Centro Hospitalar Universitário de Lisboa Norte, EPE (508481287)";"FRESENIUS MEDICAL CARE PORTUGAL, SA (503070220)";"16.524,00 €";22-11-2023;22-11-2023;61 dias;"Portugal, Lisboa, Lisboa";"Artigo 24.º, n.º 1, alínea e), subalínea ii) do Código dos Contratos Públicos";;;;;;;Não aplicável.;Não aplicável.;false;https://community.vortal.biz/PRODPublic/Tendering/OpportunityDetail/Index?noticeUID=PT1.NTC.2622458;false;;;"Código dos Contratos Públicos (DL111-B/2017) e Lei n.º 30/2021, de 21.05";false;false;
